,times,Raw_rift_length,Raw_rift_length_multiplier,yhat_rifts_15,yhat_rifts_21
0,0.0,8160.0,8160,13874.958333333328,18707.5064935065
1,1.0,8540.0,8540,15726.154761904758,19650.227272727276
2,2.0,8540.0,8540,17577.351190476187,20592.948051948057
3,3.0,22934.0,22934,19428.547619047615,21535.668831168834
4,4.0,22804.0,22804,21279.744047619042,22478.389610389615
5,5.0,22804.0,22804,23130.940476190473,23421.110389610392
6,6.0,36191.0,36191,24982.1369047619,24363.831168831173
7,7.0,36191.0,36191,26833.333333333336,25306.55194805195
8,8.0,36191.0,36191,28324.26666666667,26249.27272727273
9,9.0,36191.0,36191,29859.000000000004,27191.99350649351
10,10.0,36191.0,36191,31393.733333333337,28134.714285714275
11,11.0,36191.0,36191,31968.866666666672,29249.047619047604
12,12.0,30524.0,30524,32552.66666666667,30345.285714285703
13,13.0,30524.0,30524,33136.46666666667,31479.61904761904
14,14.0,30524.0,30524,32827.8,32278.666666666657
15,15.0,30524.0,30524,32519.133333333335,33083.90476190475
16,16.0,31561.0,31561,32263.800000000003,33765.33333333332
17,17.0,31561.0,31561,32498.66666666667,33844.285714285696
18,18.0,31561.0,31561,32733.53333333334,33923.23809523808
19,19.0,31561.0,31561,32795.06666666667,33835.523809523795
20,20.0,31561.0,31561,33283.40000000001,33712.80952380951
21,21.0,31561.0,31561,33771.73333333334,33590.09523809523
22,22.0,31561.0,31561,34026.73333333334,33467.38095238095
23,23.0,32361.0,32361,34232.73333333334,33614.5238095238
24,24.0,39714.0,39714,34369.600000000006,33348.85714285714
25,25.0,39714.0,39714,34506.466666666674,33083.190476190466
26,26.0,37114.0,37114,34643.33333333334,32817.5238095238
27,27.0,37849.0,37849,34202.26666666667,32502.476190476176
28,28.0,37849.0,37849,33761.200000000004,32181.95238095237
29,29.0,34349.0,34349,33320.13333333334,31861.428571428565
30,30.0,33614.0,33614,32879.06666666667,31540.904761904752
31,31.0,33614.0,33614,32377.000000000004,31220.38095238094
32,32.0,33614.0,33614,31384.733333333337,30916.5238095238
33,33.0,33614.0,33614,30392.46666666667,30612.66666666666
34,34.0,24945.0,24945,29573.53333333334,30270.714285714275
35,35.0,24945.0,24945,28728.933333333338,29578.61904761904
36,36.0,24945.0,24945,27884.33333333334,28886.523809523802
37,37.0,24945.0,24945,27273.066666666673,28318.238095238088
38,38.0,24830.0,24830,26710.800000000007,27645.42857142856
39,39.0,24830.0,24830,26148.53333333334,26972.619047619035
40,40.0,24830.0,24830,25586.266666666674,26466.476190476176
41,41.0,24830.0,24830,24926.66666666667,25995.33333333332
42,42.0,25180.0,25180,24845.000000000004,25524.19047619046
43,43.0,25180.0,25180,24763.333333333336,25053.047619047607
44,44.0,25180.0,25180,24681.66666666667,24581.90476190475
45,45.0,25180.0,25180,24600.000000000004,24523.571428571417
46,46.0,25180.0,25180,24526.0,24135.71428571428
47,47.0,25180.0,25180,24452.000000000004,23747.857142857134
48,48.0,23720.0,23720,24378.000000000004,23359.99999999999
49,49.0,23720.0,23720,23842.66666666667,22977.61904761904
50,50.0,23720.0,23720,23284.000000000004,22583.333333333325
51,51.0,23720.0,23720,22725.33333333334,22189.04761904761
52,52.0,23720.0,23720,22166.66666666667,21794.761904761897
53,53.0,23720.0,23720,21591.333333333336,21383.809523809516
54,54.0,23720.0,23720,21016.000000000004,20972.857142857138
55,55.0,23720.0,23720,20440.666666666668,20561.904761904756
56,56.0,16800.0,16800,19962.666666666668,20106.19047619047
57,57.0,16800.0,16800,19484.66666666667,19650.476190476187
58,58.0,16800.0,16800,19006.66666666667,19194.7619047619
59,59.0,16800.0,16800,18466.000000000004,18808.571428571424
60,60.0,16550.0,16550,17925.333333333336,18422.380952380943
61,61.0,16550.0,16550,17384.66666666667,18036.190476190466
62,62.0,16550.0,16550,16844.000000000004,17649.99999999999
63,63.0,16550.0,16550,16303.333333333336,17263.809523809516
64,64.0,16550.0,16550,16224.000000000002,16877.619047619042
65,65.0,16550.0,16550,16144.666666666668,16491.428571428565
66,66.0,15610.0,15610,16065.333333333334,16105.23809523809
67,67.0,15610.0,15610,15986.000000000002,16048.571428571422
68,68.0,15610.0,15610,15923.333333333336,15991.904761904756
69,69.0,15610.0,15610,15860.66666666667,15935.238095238088
70,70.0,15610.0,15610,15798.000000000002,15878.571428571422
71,71.0,15610.0,15610,15735.333333333336,15833.809523809517
72,72.0,15610.0,15610,15672.66666666667,15789.047619047613
73,73.0,15610.0,15610,15610.000000000004,15744.285714285708
74,74.0,15610.0,15610,15610.000000000004,15704.047619047613
75,75.0,15610.0,15610,15610.000000000004,15663.809523809517
76,76.0,15610.0,15610,15610.000000000004,15623.571428571422
77,77.0,15610.0,15610,15616.333333333338,15623.571428571422
78,78.0,15610.0,15610,15622.66666666667,15623.571428571422
79,79.0,15610.0,15610,15629.000000000004,15623.571428571422
80,80.0,15610.0,15610,15629.000000000004,15647.14285714285
81,81.0,15610.0,15610,15629.000000000004,15670.714285714277
82,82.0,15610.0,15610,15629.000000000005,15694.285714285706
83,83.0,15610.0,15610,15662.000000000004,15717.857142857136
84,84.0,15705.0,15705,15695.000000000004,15760.476190476184
85,85.0,15705.0,15705,15728.000000000004,15803.095238095233
86,86.0,15705.0,15705,15761.000000000004,15845.71428571428
87,87.0,15610.0,15610,15820.66666666667,15888.333333333328
88,88.0,15610.0,15610,15880.333333333338,15930.952380952376
89,89.0,15610.0,15610,15940.000000000004,15973.571428571424
90,90.0,16105.0,16105,15999.66666666667,16016.190476190472
91,91.0,16105.0,16105,16059.333333333336,16995.476190476184
92,92.0,16105.0,16105,16112.666666666668,17974.761904761897
93,93.0,16105.0,16105,16166.000000000002,18954.04761904761
94,94.0,16505.0,16505,17530.666666666668,19966.666666666657
95,95.0,16505.0,16505,18901.66666666667,20974.761904761894
96,96.0,16505.0,16505,20272.66666666667,21982.85714285713
97,97.0,16505.0,16505,21690.33333333334,22990.952380952374
98,98.0,16505.0,16505,23075.000000000007,24003.571428571417
99,99.0,16505.0,16505,24459.66666666667,25016.190476190463
100,100.0,16505.0,16505,25844.333333333336,25995.47619047618
101,101.0,36175.0,36175,27229.000000000004,26951.190476190463
102,102.0,36175.0,36175,28587.000000000004,27906.90476190475
103,103.0,36175.0,36175,29898.333333333336,28754.5238095238
104,104.0,36875.0,36875,31209.666666666668,29602.142857142844
105,105.0,36875.0,36875,32521.000000000004,30430.71428571427
106,106.0,36875.0,36875,33681.00000000001,31189.047619047607
107,107.0,36875.0,36875,34841.00000000001,31947.38095238094
108,108.0,36875.0,36875,36001.0,32705.71428571427
109,109.0,36875.0,36875,35751.333333333336,33464.047619047604
110,110.0,36175.0,36175,35501.66666666667,34205.238095238084
111,111.0,36175.0,36175,35252.00000000001,34946.428571428565
112,112.0,36175.0,36175,34955.66666666667,34750.952380952374
113,113.0,33905.0,33905,34635.333333333336,34555.47619047618
114,114.0,33905.0,33905,34315.00000000001,34359.999999999985
115,115.0,33905.0,33905,33994.66666666667,34040.71428571427
116,116.0,32430.0,32430,33674.33333333334,33721.42857142856
117,117.0,32430.0,32430,33354.00000000001,33402.14285714284
118,118.0,32430.0,32430,32953.66666666667,33082.85714285712
119,119.0,32430.0,32430,32553.333333333336,32763.57142857141
120,120.0,32070.0,32070,32153.000000000004,32561.238095238077
121,121.0,32070.0,32070,31904.000000000004,32392.23809523808
122,122.0,32070.0,32070,31655.000000000007,32223.23809523809
123,123.0,32070.0,32070,31569.73333333334,32054.238095238088
124,124.0,32070.0,32070,31582.800000000007,32055.238095238084
125,125.0,30170.0,30170,31595.866666666672,32056.238095238088
126,126.0,30170.0,30170,31608.93333333334,32057.238095238088
127,127.0,30170.0,30170,31708.66666666667,32128.476190476184
128,128.0,30170.0,30170,31832.400000000005,32199.71428571428
129,129.0,30170.0,30170,31956.13333333334,32270.95238095237
130,130.0,32626.0,32626,32079.866666666672,32342.190476190463
131,131.0,32626.0,32626,32203.600000000006,32430.571428571413
132,132.0,32626.0,32626,32327.333333333336,32518.952380952363
133,133.0,32626.0,32626,32577.733333333334,32607.333333333314
134,134.0,33926.0,33926,32828.13333333333,32695.714285714268
135,135.0,33926.0,33926,33078.53333333333,32511.71428571427
136,136.0,33926.0,33926,33328.933333333334,32418.190476190463
137,137.0,33926.0,33926,33579.333333333336,32324.666666666653
138,138.0,33926.0,33926,33284.66666666667,32231.142857142848
139,139.0,33926.0,33926,32990.0,32137.61904761904
140,140.0,33926.0,33926,32695.33333333334,32044.09523809523
141,141.0,33926.0,33926,32400.66666666667,31833.619047619035
142,142.0,33926.0,33926,32019.33333333334,31592.190476190463
143,143.0,33926.0,33926,31638.000000000007,31293.619047619035
144,144.0,33926.0,33926,31256.666666666675,30995.047619047604
145,145.0,28206.0,28206,30832.00000000001,30634.571428571413
146,146.0,28206.0,28206,30327.33333333334,30274.095238095222
147,147.0,28206.0,28206,29822.66666666667,29913.619047619035
148,148.0,28206.0,28206,29318.0,29510.761904761897
149,149.0,28206.0,28206,28813.333333333336,29107.904761904752
150,150.0,28206.0,28206,28308.66666666667,28705.047619047604
151,151.0,28206.0,28206,27744.66666666667,28302.190476190466
152,152.0,27556.0,27556,27180.66666666667,27899.33333333332
153,153.0,26356.0,26356,26998.000000000004,27496.476190476184
154,154.0,26356.0,26356,26815.33333333334,26878.809523809516
155,155.0,26356.0,26356,26632.66666666667,26261.142857142844
156,156.0,26356.0,26356,26450.000000000004,25915.857142857134
157,157.0,26356.0,26356,25966.600000000002,25581.047619047615
158,158.0,25466.0,25466,25483.2,25246.23809523809
159,159.0,25466.0,25466,24999.800000000003,24900.952380952374
160,160.0,25466.0,25466,24574.400000000005,24555.666666666657
161,161.0,25466.0,25466,24229.000000000004,24210.380952380943
162,162.0,25466.0,25466,23868.933333333338,23865.09523809523
163,163.0,25466.0,25466,23508.866666666672,23550.7619047619
164,164.0,20955.0,20955,23148.800000000003,23293.571428571424
165,165.0,20955.0,20955,22788.733333333337,23146.66666666666
166,166.0,20955.0,20955,22488.000000000004,22999.7619047619
167,167.0,21175.0,21175,22187.26666666667,22852.857142857138
168,168.0,21175.0,21175,22040.933333333338,22705.952380952378
169,169.0,20955.0,20955,21894.600000000002,22601.42857142857
170,170.0,20955.0,20955,21748.26666666667,22496.90476190476
171,171.0,20955.0,20955,21601.933333333338,22392.38095238095
172,172.0,20955.0,20955,21756.33333333334,22287.85714285714
173,173.0,20955.0,20955,21910.733333333337,22183.33333333333
174,174.0,20955.0,20955,22065.133333333342,22078.80952380952
175,175.0,23271.0,23271,22204.866666666672,22189.095238095233
176,176.0,23271.0,23271,22344.600000000006,22299.380952380947
177,177.0,23271.0,23271,22499.000000000004,22409.66666666666
178,178.0,23271.0,23271,22653.4,22509.476190476184
179,179.0,23271.0,23271,22807.800000000003,22609.285714285706
180,180.0,23271.0,23271,22962.2,22719.57142857142
181,181.0,23271.0,23271,23116.600000000002,22801.285714285706
182,182.0,23271.0,23271,23271.0,22882.999999999993
183,183.0,23271.0,23271,23271.0,22964.71428571428
184,184.0,23271.0,23271,23231.0,23046.42857142856
185,185.0,23271.0,23271,23191.0,23128.142857142848
186,186.0,23271.0,23271,23151.0,23099.571428571417
187,187.0,23271.0,23271,23111.0,23070.99999999999
188,188.0,23271.0,23271,23071.0,23042.42857142856
189,189.0,23271.0,23271,23031.0,23013.857142857134
190,190.0,23271.0,23271,22991.0,22985.285714285706
191,191.0,22671.0,22671,22951.0,22956.71428571428
192,192.0,22671.0,22671,22911.0,23296.476190476184
193,193.0,22671.0,22671,22871.0,23636.238095238084
194,194.0,22671.0,22671,22831.0,23975.999999999985
195,195.0,22671.0,22671,23306.666666666668,24315.76190476189
196,196.0,22671.0,22671,23782.333333333336,24655.5238095238
197,197.0,22671.0,22671,24258.000000000004,24995.2857142857
198,198.0,22671.0,22671,24733.666666666668,25335.047619047604
199,199.0,22671.0,22671,25249.333333333336,25674.809523809512
200,200.0,22671.0,22671,25765.000000000004,26014.57142857142
201,201.0,22671.0,22671,26280.66666666667,26354.333333333325
202,202.0,30406.0,30406,26796.33333333334,26722.66666666666
203,203.0,30406.0,30406,27312.000000000007,27090.999999999993
204,204.0,30406.0,30406,27827.666666666675,27459.333333333325
205,205.0,30406.0,30406,28343.33333333334,27827.666666666657
206,206.0,30406.0,30406,28859.000000000007,28195.99999999999
207,207.0,30406.0,30406,29374.666666666675,28564.33333333332
208,208.0,30406.0,30406,29890.33333333334,28932.666666666657
209,209.0,30406.0,30406,30406.000000000007,29300.999999999993
210,210.0,30406.0,30406,30406.000000000007,29669.333333333325
211,211.0,30406.0,30406,30406.000000000007,30037.666666666657
212,212.0,30406.0,30406,30406.000000000007,30405.999999999993
213,213.0,30406.0,30406,30406.000000000007,30405.999999999993
214,214.0,30406.0,30406,30406.000000000007,30405.999999999993
215,215.0,30406.0,30406,30406.000000000007,30405.999999999993
216,216.0,30406.0,30406,30406.000000000007,30405.999999999993
217,217.0,30406.0,30406,30406.000000000007,30405.999999999993
218,218.0,30406.0,30406,30406.000000000007,30405.999999999993
219,219.0,30406.0,30406,30406.000000000007,30405.999999999993
220,220.0,30406.0,30406,30406.000000000007,30405.999999999993
221,221.0,30406.0,30406,30406.000000000007,30405.999999999993
222,222.0,30406.0,30406,30406.000000000007,30405.999999999993
223,223.0,30406.0,30406,30406.000000000007,30405.999999999993
224,224.0,30406.0,30406,30406.000000000007,30405.999999999993
225,225.0,30406.0,30406,30406.000000000007,29981.42857142856
226,226.0,30406.0,30406,30406.000000000007,29556.857142857134
227,227.0,30406.0,30406,30406.000000000007,29132.285714285706
228,228.0,30406.0,30406,29811.600000000006,28707.71428571428
229,229.0,30406.0,30406,29217.200000000008,28283.14285714285
230,230.0,30406.0,30406,28622.800000000007,27858.571428571424
231,231.0,30406.0,30406,28028.400000000005,27433.999999999996
232,232.0,30406.0,30406,27434.000000000007,27009.42857142857
233,233.0,30406.0,30406,26839.600000000006,26584.85714285714
234,234.0,30406.0,30406,26245.200000000004,26160.285714285714
235,235.0,21490.0,21490,25650.800000000003,25735.714285714283
236,236.0,21490.0,21490,25056.4,25311.14285714285
237,237.0,21490.0,21490,24462.0,24886.57142857142
238,238.0,21490.0,21490,23867.6,24613.666666666657
239,239.0,21490.0,21490,23273.2,24340.761904761894
240,240.0,21490.0,21490,22678.8,24067.85714285713
241,241.0,21490.0,21490,22296.733333333334,23794.952380952367
242,242.0,21490.0,21490,21914.666666666668,23522.047619047604
243,243.0,21490.0,21490,22127.0,23026.90476190475
244,244.0,21490.0,21490,22339.333333333332,22531.761904761894
245,245.0,21490.0,21490,22551.666666666668,22036.619047619035
246,246.0,21490.0,21490,22452.86666666667,21966.047619047607
247,247.0,21490.0,21490,22354.066666666673,21895.47619047618
248,248.0,24675.0,24675,22255.266666666674,21824.904761904752
249,249.0,24675.0,24675,22156.46666666667,21754.333333333325
250,250.0,24675.0,24675,22057.66666666667,21449.476190476184
251,251.0,24675.0,24675,21958.866666666672,21144.61904761904
252,252.0,24675.0,24675,21860.06666666667,20839.761904761897
253,253.0,20008.0,20008,21433.266666666666,20534.904761904756
254,254.0,20008.0,20008,21006.46666666667,20230.047619047615
255,255.0,20008.0,20008,20579.666666666668,19925.19047619047
256,256.0,20008.0,20008,19940.533333333336,19620.33333333333
257,257.0,20008.0,20008,19301.4,19315.476190476187
258,258.0,20008.0,20008,18662.266666666666,19010.619047619046
259,259.0,20008.0,20008,18023.133333333335,18554.095238095237
260,260.0,15088.0,15088,17384.0,18097.571428571428
261,261.0,15088.0,15088,17056.0,17641.04761904762
262,262.0,15088.0,15088,16728.0,17184.523809523806
263,263.0,15088.0,15088,16400.0,17130.857142857138
264,264.0,15088.0,15088,16072.000000000002,17299.428571428565
265,265.0,15088.0,15088,15744.000000000002,17467.999999999993
266,266.0,15088.0,15088,15980.000000000002,17636.571428571417
267,267.0,15088.0,15088,16216.000000000002,17805.142857142848
268,268.0,15088.0,15088,16780.0,17973.71428571428
269,269.0,15088.0,15088,17344.0,18142.285714285706
270,270.0,15088.0,15088,17908.0,18310.857142857138
271,271.0,15088.0,15088,18472.000000000004,18713.71428571428
272,272.0,15088.0,15088,19036.000000000004,19116.57142857142
273,273.0,23548.0,23548,19600.000000000004,19519.428571428565
274,274.0,23548.0,23548,20164.000000000004,19922.285714285706
275,275.0,23548.0,23548,20728.000000000004,20325.142857142848
276,276.0,23548.0,23548,21292.000000000004,20727.99999999999
277,277.0,23548.0,23548,21856.000000000004,21130.85714285713
278,278.0,23548.0,23548,22420.000000000004,21533.714285714275
279,279.0,23548.0,23548,22984.000000000004,21936.57142857142
280,280.0,23548.0,23548,23548.000000000004,22339.42857142856
281,281.0,23548.0,23548,23548.000000000004,22742.285714285703
282,282.0,23548.0,23548,23548.000000000004,23145.142857142848
283,283.0,23548.0,23548,23548.000000000004,23547.999999999985
284,284.0,23548.0,23548,23548.000000000004,23547.999999999985
285,285.0,23548.0,23548,23548.000000000004,23547.999999999985
286,286.0,23548.0,23548,23548.000000000004,23547.999999999985
287,287.0,23548.0,23548,23548.000000000004,23547.999999999985
288,288.0,23548.0,23548,23548.000000000004,23547.999999999985
289,289.0,23548.0,23548,23548.000000000004,23262.61904761904
290,290.0,23548.0,23548,23548.000000000004,22977.238095238084
291,291.0,23548.0,23548,23548.000000000004,22691.857142857134
292,292.0,23548.0,23548,23148.46666666667,22406.47619047618
293,293.0,23548.0,23548,22748.933333333338,22121.09523809523
294,294.0,23548.0,23548,22349.400000000005,21812.85714285713
295,295.0,23548.0,23548,21949.866666666672,21504.61904761904
296,296.0,23548.0,23548,21550.33333333334,21196.38095238094
297,297.0,23548.0,23548,21118.800000000003,20888.142857142848
298,298.0,23548.0,23548,20687.26666666667,20579.904761904752
299,299.0,17555.0,17555,20255.733333333337,20271.66666666666
300,300.0,17555.0,17555,19824.200000000004,19963.42857142856
301,301.0,17555.0,17555,19392.66666666667,19655.190476190466
302,302.0,17555.0,17555,18961.13333333334,19346.952380952374
303,303.0,17555.0,17555,18529.600000000006,19038.71428571428
304,304.0,17075.0,17075,18098.066666666673,18730.476190476184
305,305.0,17075.0,17075,17666.53333333334,18422.238095238088
306,306.0,17075.0,17075,17235.000000000004,18113.999999999996
307,307.0,17075.0,17075,17203.000000000004,17805.761904761897
308,308.0,17075.0,17075,17171.000000000004,17497.523809523802
309,309.0,17075.0,17075,17139.000000000004,16922.619047619042
310,310.0,17075.0,17075,17107.000000000004,16633.095238095233
311,311.0,17075.0,17075,17075.000000000004,16343.57142857142
312,312.0,17075.0,17075,16701.66666666667,16054.047619047611
313,313.0,17075.0,17075,16328.333333333338,15764.523809523804
314,314.0,17075.0,17075,15955.000000000004,15474.999999999993
315,315.0,17075.0,17075,15581.66666666667,15208.333333333327
316,316.0,17075.0,17075,15208.333333333336,14941.66666666666
317,317.0,17075.0,17075,14835.000000000002,14674.999999999995
318,318.0,17075.0,17075,14461.66666666667,14408.333333333328
319,319.0,11475.0,11475,14088.333333333336,14141.666666666662
320,320.0,11475.0,11475,13715.000000000002,13874.999999999996
321,321.0,11475.0,11475,13341.666666666668,13608.33333333333
322,322.0,11475.0,11475,12968.333333333334,13341.666666666664
323,323.0,11475.0,11475,12595.000000000002,13074.999999999998
324,324.0,11475.0,11475,12221.666666666668,12808.333333333332
325,325.0,11475.0,11475,11848.333333333334,12541.666666666664
326,326.0,11475.0,11475,11475.000000000002,12274.999999999996
327,327.0,11475.0,11475,11475.000000000002,12008.33333333333
328,328.0,11475.0,11475,11475.000000000002,11741.666666666664
329,329.0,11475.0,11475,11475.000000000002,11474.999999999996
330,330.0,11475.0,11475,11475.000000000002,11474.999999999996
331,331.0,11475.0,11475,11475.000000000002,11474.999999999996
332,332.0,11475.0,11475,11475.000000000002,11474.999999999996
333,333.0,11475.0,11475,11475.000000000002,11474.999999999996
334,334.0,11475.0,11475,11475.000000000002,11474.999999999996
335,335.0,11475.0,11475,11475.000000000002,11474.999999999996
336,336.0,11475.0,11475,11475.000000000002,11474.999999999996
337,337.0,11475.0,11475,11475.000000000002,11474.999999999996
338,338.0,11475.0,11475,11475.000000000002,11474.999999999996
339,339.0,11475.0,11475,11475.000000000002,11474.999999999996
340,340.0,11475.0,11475,11475.000000000002,11474.999999999996
341,341.0,11475.0,11475,11475.000000000002,11474.999999999996
342,342.0,11475.0,11475,11475.000000000002,11474.999999999996
343,343.0,11475.0,11475,11475.000000000002,11474.999999999996
344,344.0,11475.0,11475,11475.000000000002,11474.999999999996
345,345.0,11475.0,11475,11475.000000000002,11474.999999999996
346,346.0,11475.0,11475,11475.000000000002,11474.999999999996
347,347.0,11475.0,11475,11475.000000000002,11474.999999999996
348,348.0,11475.0,11475,11475.000000000002,11474.999999999996
349,349.0,11475.0,11475,11475.000000000002,11474.999999999996
350,350.0,11475.0,11475,11475.000000000002,11531.190476190473
351,351.0,11475.0,11475,11475.000000000002,11587.380952380949
352,352.0,11475.0,11475,11475.000000000002,11643.571428571426
353,353.0,11475.0,11475,11553.666666666668,11699.761904761901
354,354.0,11475.0,11475,11632.333333333334,11755.952380952378
355,355.0,11475.0,11475,11711.000000000002,11812.142857142853
356,356.0,11475.0,11475,11789.666666666668,11868.33333333333
357,357.0,11475.0,11475,11868.333333333336,11924.523809523806
358,358.0,11475.0,11475,11947.000000000004,11980.71428571428
359,359.0,11475.0,11475,12025.66666666667,12036.904761904756
360,360.0,12655.0,12655,12104.333333333336,12093.095238095231
361,361.0,12655.0,12655,12183.000000000004,12149.285714285708
362,362.0,12655.0,12655,12261.66666666667,12205.476190476185
363,363.0,12655.0,12655,12340.333333333336,12261.666666666662
364,364.0,12655.0,12655,12419.000000000004,12317.85714285714
365,365.0,12655.0,12655,12497.66666666667,12374.047619047615
366,366.0,12655.0,12655,12576.333333333336,12430.238095238092
367,367.0,12655.0,12655,12655.000000000004,12486.428571428567
368,368.0,12655.0,12655,12655.000000000004,12542.619047619044
369,369.0,12655.0,12655,12655.000000000004,12598.80952380952
370,370.0,12655.0,12655,12655.000000000004,12654.999999999996
371,371.0,12655.0,12655,12655.000000000004,12654.999999999996
372,372.0,12655.0,12655,12655.000000000004,12654.999999999996
373,373.0,12655.0,12655,12655.000000000004,12654.999999999996
374,374.0,12655.0,12655,12655.000000000004,12654.999999999996
375,375.0,12655.0,12655,12655.000000000004,12654.999999999996
376,376.0,12655.0,12655,12655.000000000004,12584.047619047615
377,377.0,12655.0,12655,12655.000000000004,12513.095238095235
378,378.0,12655.0,12655,12655.000000000004,12442.142857142853
379,379.0,12655.0,12655,12555.66666666667,12371.190476190473
380,380.0,12655.0,12655,12456.333333333336,12300.238095238092
381,381.0,12655.0,12655,12357.000000000004,12229.285714285712
382,382.0,12655.0,12655,12257.66666666667,12158.33333333333
383,383.0,12655.0,12655,12158.333333333336,12087.380952380949
384,384.0,12655.0,12655,12059.000000000002,12016.428571428567
385,385.0,12655.0,12655,11959.666666666668,11945.476190476185
386,386.0,11165.0,11165,11860.333333333334,11874.523809523806
387,387.0,11165.0,11165,11761.0,11803.571428571424
388,388.0,11165.0,11165,11661.666666666666,11586.857142857138
389,389.0,11165.0,11165,11562.333333333332,11370.142857142851
390,390.0,11165.0,11165,11463.0,11153.428571428565
391,391.0,11165.0,11165,11159.6,10936.714285714279
392,392.0,11165.0,11165,10856.2,10719.999999999995
393,393.0,11165.0,11165,10552.800000000001,10503.28571428571
394,394.0,11165.0,11165,10348.733333333334,10286.571428571424
395,395.0,11165.0,11165,10144.666666666668,10069.85714285714
396,396.0,11165.0,11165,9940.6,9853.142857142853
397,397.0,11165.0,11165,9736.533333333335,9707.380952380949
398,398.0,8104.0,8104,9532.466666666669,9561.619047619044
399,399.0,8104.0,8104,9328.400000000001,9415.85714285714
400,400.0,8104.0,8104,9124.333333333336,9270.095238095235
401,401.0,8104.0,8104,8920.266666666668,9124.33333333333
402,402.0,8104.0,8104,8716.200000000003,8978.571428571426
403,403.0,8104.0,8104,8512.133333333335,8832.809523809523
404,404.0,8104.0,8104,8308.06666666667,8687.047619047618
405,405.0,8104.0,8104,8104.000000000003,8541.285714285712
406,406.0,8104.0,8104,8104.000000000003,8211.523809523807
407,407.0,8104.0,8104,8104.000000000003,7881.761904761903
408,408.0,8104.0,8104,8104.000000000003,7551.999999999998
409,409.0,8104.0,8104,7846.400000000002,7367.999999999998
410,410.0,8104.0,8104,7588.800000000002,7183.999999999999
411,411.0,8104.0,8104,7331.200000000002,6999.999999999999
412,412.0,8104.0,8104,7073.600000000001,6815.999999999999
413,413.0,8104.0,8104,6816.000000000002,6690.571428571428
414,414.0,8104.0,8104,6558.4000000000015,6565.142857142857
415,415.0,8104.0,8104,6300.800000000001,6439.714285714285
416,416.0,4240.0,4240,6125.200000000001,6314.285714285714
417,417.0,4240.0,4240,5949.6,6188.857142857142
418,418.0,4240.0,4240,5774.0,6063.428571428571
419,419.0,4240.0,4240,5598.4,5937.999999999999
420,420.0,4240.0,4240,5422.8,5812.5714285714275
421,421.0,4240.0,4240,5247.200000000001,5687.142857142856
422,422.0,4240.0,4240,5071.6,5561.714285714284
423,423.0,5470.0,5470,4896.0,5436.285714285713
424,424.0,5470.0,5470,4978.0,5310.857142857141
425,425.0,5470.0,5470,5060.0,5185.42857142857
426,426.0,5470.0,5470,5142.0,5059.999999999999
427,427.0,5470.0,5470,5224.0,5118.5714285714275
428,428.0,5470.0,5470,5306.0,5177.142857142855
429,429.0,5470.0,5470,5388.0,5235.714285714284
430,430.0,5470.0,5470,5470.0,5294.285714285712
431,431.0,5470.0,5470,5470.0,5352.857142857141
432,432.0,5470.0,5470,5470.0,5411.428571428569
433,433.0,5470.0,5470,5470.0,5469.999999999998
434,434.0,5470.0,5470,5470.0,5373.333333333331
435,435.0,5470.0,5470,5470.0,5276.666666666664
436,436.0,5470.0,5470,5470.0,5179.999999999998
437,437.0,5470.0,5470,5334.666666666667,5083.333333333332
438,438.0,5470.0,5470,5199.333333333334,4986.666666666665
439,439.0,5470.0,5470,5064.0,4889.999999999999
440,440.0,5470.0,5470,4928.666666666667,4793.333333333332
441,441.0,5470.0,5470,4793.333333333334,4532.857142857142
442,442.0,5470.0,5470,4658.0,4272.380952380951
443,443.0,5470.0,5470,4522.666666666667,4011.904761904761
444,444.0,3440.0,3440,4158.0,3751.4285714285706
445,445.0,3440.0,3440,3793.3333333333335,3490.9523809523803
446,446.0,3440.0,3440,3428.6666666666674,3230.47619047619
447,447.0,3440.0,3440,3064.0000000000005,2969.999999999999
448,448.0,3440.0,3440,2699.333333333334,2709.523809523809
449,449.0,3440.0,3440,2334.6666666666674,2449.047619047619
450,450.0,3440.0,3440,1970.0000000000007,2358.317079571428
451,451.0,0.0,3440,1605.3333333333337,2267.586540095238
452,452.0,0.0,3440,1376.0000000000005,2176.8560006190473
453,453.0,0.0,3440,1384.3105780666672,2086.1254611428567
454,454.0,0.0,3440,1392.6211561333337,1995.394921666666
455,455.0,0.0,3440,1400.9317342000002,2001.331048857142
456,456.0,0.0,6370,1409.2423122666669,2007.2671760476182
457,457.0,0.0,6370,1417.5528903333336,2013.2033032380946
458,458.0,0.0,6370,1425.8634684000003,2019.1394304285707
459,459.0,0.0,6370,1663.5073798000003,2025.075557619047
460,460.0,3564.658671,6370,1901.1512912000003,2262.11556295238
461,461.0,3564.658671,6370,2138.7952026000003,2329.4099173333325
462,462.0,3564.658671,6370,2376.4391140000007,2560.5137955238088
463,463.0,3564.658671,6370,2937.6284548000003,2791.617673714285
464,464.0,3564.658671,6370,3261.173884266667,3022.7215519047613
465,465.0,3564.658671,6370,3584.7193137333334,3253.825430095237
466,466.0,3564.658671,6370,3908.2647432000003,3484.929308285713
467,467.0,3564.658671,6370,4231.810172666667,3716.0331864761893
468,468.0,3564.658671,6370,4317.711690733335,3947.137064666665
469,469.0,3564.658671,6370,4403.613208800001,4178.240942857142
470,470.0,8417.840112,6370,4489.514726866668,4479.675811190475
471,471.0,4853.181442,15000,4575.416244933334,4611.365028523808
472,472.0,4853.181442,8670,4661.317763000001,4743.054245857142
473,473.0,4853.181442,8670,4845.682667266667,4874.743463190474
474,474.0,4853.181442,8670,5030.047571533333,5006.432680523808
475,475.0,4853.181442,8670,5214.412475800001,5138.121897857141
476,476.0,4853.181442,8670,5398.777380066666,5269.811115190475
477,477.0,4853.181442,8670,5583.142284333333,5401.500332523808
478,478.0,4853.181442,8670,5443.9617592,5533.18954985714
479,479.0,4853.181442,8670,5542.4251454000005,5664.878767190473
480,480.0,6330.132235,8670,5640.8885316000005,5964.219877714282
481,481.0,6330.132235,11300,5739.351917800001,6032.457110095234
482,482.0,6330.132235,11300,5837.815304000001,6270.4399934285675
483,483.0,6330.132235,11300,6170.991340666667,6508.4228767619015
484,484.0,6330.132235,11300,6504.167377333334,6746.405760095235
485,485.0,6330.132235,11300,6837.343414,6984.388643428568
486,486.0,6330.132235,11300,7170.519450666667,7222.371526761901
487,487.0,6330.132235,11300,7503.695487333333,7460.354410095234
488,488.0,6330.132235,11300,7738.4081378,7572.21235880952
489,489.0,6330.132235,11300,7973.120788266667,7684.070307523805
490,490.0,9850.821992,11300,8207.833438733334,7795.928256238091
491,491.0,9850.821992,17600,8265.971180733333,7808.5613002380915
492,492.0,9850.821992,17600,8324.108922733334,7821.1943442380925
493,493.0,9850.821992,17600,8382.246664733333,7833.827388238093
494,494.0,9850.821992,17600,8399.932926333335,7846.460432238093
495,495.0,9850.821992,17600,8417.619187933335,7968.826726904758
496,496.0,9850.821992,17600,8435.305449533336,8091.193021571425
497,497.0,9850.821992,17600,8452.991711133336,8213.55931623809
498,498.0,7202.198365,17600,8389.591873200003,8335.925610904758
499,499.0,7202.198365,12900,8326.19203526667,8458.291905571425
500,500.0,7202.198365,12900,8262.792197333336,8580.658200238091
501,501.0,6595.426159,12900,8199.3923594,8535.372601714284
502,502.0,6595.426159,11800,8135.992521466668,8490.087003190472
503,503.0,6595.426159,11800,8072.592683533335,8444.801404666663
504,504.0,6595.426159,11800,8009.192845600001,8399.515806142854
505,505.0,8899.824423,11800,7945.793007666668,8416.517613666663
506,506.0,8899.824423,11800,8058.968078200001,8433.519421190473
507,507.0,8899.824423,15900,8172.143148733335,8450.521228714282
508,508.0,8899.824423,15900,8372.520587733336,8467.523036238092
509,509.0,8899.824423,15900,8613.349507133336,8610.64977838095
510,510.0,8899.824423,15900,8854.178426533335,8753.776520523807
511,511.0,8899.824423,15900,9095.007345933336,8896.903262666663
512,512.0,8899.824423,15900,9335.836265333335,9068.923919380952
513,513.0,8899.824423,15900,9423.038633800003,9240.944576095237
514,514.0,8899.824423,15900,9510.241002266668,9412.965232809522
515,515.0,10207.85995,15900,9597.443370733334,9584.985889523807
516,516.0,10207.85995,15900,9684.645739200001,9542.294352238094
517,517.0,10207.85995,18200,9771.848107666669,9499.602814952379
518,518.0,10207.85995,18200,9859.050476133336,9456.911277666664
519,519.0,10207.85995,18200,9799.282323933336,9414.21974038095
520,520.0,10207.85995,18200,9739.514171733335,9371.528203095235
521,521.0,10207.85995,18200,9679.746019533335,9328.83666580952
522,522.0,10207.85995,18200,9619.977867333335,9286.145128523805
523,523.0,10207.85995,18200,9473.007346666667,9243.45359123809
524,524.0,10207.85995,18200,9326.036826,9200.762053952376
525,525.0,10207.85995,18200,9179.066305333334,9158.070516666661
526,526.0,8003.30214,18200,9032.095784666666,9053.09157333333
527,527.0,8003.30214,18200,8885.125264,8948.112629999996
528,528.0,8003.30214,14300,8738.154743333333,8843.133686666662
529,529.0,8003.30214,14300,8591.184222666667,8738.154743333329
530,530.0,8003.30214,14300,8444.213702,8810.239768571424
531,531.0,8003.30214,14300,8297.243181333333,8820.037387619042
532,532.0,8003.30214,14300,8150.272660666667,8829.83500666666
533,533.0,8003.30214,14300,8251.191696,8839.632625714281
534,534.0,8003.30214,14300,8411.878883333335,8849.4302447619
535,535.0,8003.30214,14300,8572.566070666668,8859.22786380952
536,536.0,8003.30214,14300,8733.253258,8869.025482857138
537,537.0,8003.30214,14300,8893.940445333334,8983.802045238092
538,538.0,8003.30214,14300,9054.627632666667,9098.578607619043
539,539.0,8003.30214,14300,9215.31482,9213.355169999995
540,540.0,11721.64548,14300,9376.002007333333,9430.175917142853
541,541.0,10413.60995,14300,9536.689194666666,9437.907695476186
542,542.0,10413.60995,20900,9697.376381999999,9445.63947380952
543,543.0,10413.60995,18600,10000.925427999999,9453.371252142855
544,544.0,10413.60995,18600,10011.749917666666,9461.103030476188
545,545.0,10413.60995,18600,10022.574407333334,9468.834808809523
546,546.0,10413.60995,18600,10033.398897000001,9476.566587142855
547,547.0,10413.60995,18600,10044.223386666667,9484.298365476188
548,548.0,10413.60995,18600,9807.158320333334,9492.030143809523
549,549.0,10413.60995,18600,9657.295622666668,9499.761922142854
550,550.0,12556.53783,18600,9507.432925000003,9507.493700476189
551,551.0,8165.669485,18600,9357.570227333335,9338.161510238093
552,552.0,8165.669485,22400,9207.707529666668,9231.116726190476
553,553.0,8165.669485,14600,9057.844832,9124.071942142855
554,554.0,8165.669485,14600,8907.982134333333,9017.027158095236
555,555.0,8165.669485,14600,8758.119436666668,8909.982374047617
556,556.0,8165.669485,14600,8608.256739,8802.937589999998
557,557.0,8165.669485,14600,8458.394041333333,8695.89280595238
558,558.0,8165.669485,14600,8165.669485,8588.84802190476
559,559.0,8165.669485,14600,8165.669485,8481.803237857142
560,560.0,8165.669485,14600,8165.669485,8823.790903571427
561,561.0,8165.669485,14600,8165.669485,8973.761643095237
562,562.0,8165.669485,14600,8165.669485,9332.82135142857
563,563.0,8165.669485,14600,8794.314914666667,9691.881059761903
564,564.0,8165.669485,14600,9296.998506333333,10050.940768095235
565,565.0,8165.669485,14600,9799.682098000001,10410.00047642857
566,566.0,8165.669485,14600,10302.365689666667,10769.060184761902
567,567.0,8165.669485,14600,10805.049281333335,11128.119893095234
568,568.0,8165.669485,14600,11307.732873,11487.179601428566
569,569.0,8165.669485,14600,11810.416464666669,11846.239309761899
570,570.0,17595.35093,14600,12313.100056333335,12205.299018095231
571,571.0,15705.92336,14600,12815.783648000002,12387.294757857137
572,572.0,15705.92336,31400,13318.46723966667,12569.290497619042
573,573.0,15705.92336,28000,13821.150831333336,12751.286237380948
574,574.0,15705.92336,28000,14075.944867000002,12933.281977142853
575,575.0,15705.92336,28000,14330.73890266667,13115.277716904759
576,576.0,15705.92336,28000,14585.532938333336,13297.273456666664
577,577.0,15705.92336,28000,14840.326974000001,13479.269196428568
578,578.0,15705.92336,28000,14466.475580000002,13661.264936190473
579,579.0,15705.92336,28000,14218.586024000002,13843.260675952379
580,580.0,15705.92336,28000,13970.696468000002,14025.256415714282
581,581.0,11987.58002,28000,13722.806912000002,13587.733548666663
582,582.0,11987.58002,28000,13474.917356000002,13240.183423047616
583,583.0,11987.58002,21400,13227.027800000002,12892.633297428567
584,584.0,11987.58002,21400,12740.457624133334,12545.08317180952
585,585.0,11987.58002,21400,12253.887448266669,12197.53304619047
586,586.0,11987.58002,21400,11767.317272400001,11849.982920571423
587,587.0,11987.58002,21400,11280.747096533336,11502.432794952378
588,588.0,11987.58002,21400,10794.176920666669,11154.88266933333
589,589.0,11987.58002,21400,10555.496300800001,10807.332543714283
590,590.0,11987.58002,21400,10316.815680933334,10459.782418095238
591,591.0,8407.370722,21400,10078.135061066667,10092.471783476189
592,592.0,8407.370722,21400,9839.454441200001,9902.22511742857
593,593.0,8407.370722,15000,9600.773821333336,9711.978451380952
594,594.0,8407.370722,15000,9334.428488866668,9521.731785333332
595,595.0,8407.370722,15000,9068.0831564,9331.485119285711
596,596.0,8407.370722,15000,8801.737823933334,9141.238453238093
597,597.0,8407.370722,15000,8535.392491466668,8950.991787190473
598,598.0,8407.370722,15000,8269.047159,8760.745121142854
599,599.0,8407.370722,15000,8241.3824464,8570.498455095236
600,600.0,8407.370722,15000,8213.7177338,8380.251789047616
601,601.0,7992.400033,15000,8186.0530212,8190.005122999997
602,602.0,7992.400033,15000,8158.3883086000005,8170.2446139999975
603,603.0,7992.400033,14300,8130.723596000001,8150.484104999998
604,604.0,7992.400033,14300,8103.058883400001,8130.723595999998
605,605.0,7992.400033,14300,8075.394170800001,8110.963086999998
606,606.0,7992.400033,14300,8047.729458200001,7752.248561980951
607,607.0,7992.400033,14300,8020.0647456000015,7393.534036961903
608,608.0,7992.400033,14300,7992.400033000002,7034.819511942856
609,609.0,7992.400033,14300,7517.864410573335,6676.104986923809
610,610.0,7992.400033,14300,7043.328788146668,6317.390461904761
611,611.0,7992.400033,14300,6568.7931657200015,5958.675936885712
612,612.0,7992.400033,14300,6094.2575432933345,5619.721920866665
613,613.0,7992.400033,14300,5619.721920866668,5280.767904847617
614,614.0,7992.400033,14300,5145.186298440001,4941.813888828568
615,615.0,7992.400033,14300,4670.650676013334,4602.85987280952
616,616.0,874.3656966,14300,4196.115053586667,4263.905856790474
617,617.0,874.3656966,14300,3721.5794311600007,3924.9518407714263
618,618.0,874.3656966,1560,3247.0438087333337,3585.9978247523786
619,619.0,874.3656966,1560,2772.5081863066666,3247.0438087333314
620,620.0,874.3656966,1560,2297.97256388,2908.089792714284
621,621.0,874.3656966,1560,1823.436941453334,2569.135776695237
622,622.0,874.3656966,1560,1348.901319026667,2230.1817606761897
623,623.0,874.3656966,1560,874.3656966000001,1891.2277446571422
624,624.0,874.3656966,1560,874.3656966000001,1552.2737286380948
625,625.0,874.3656966,1560,874.3656966000001,1213.3197126190473
626,626.0,874.3656966,1560,874.3656966000001,874.3656965999998
627,627.0,874.3656966,1560,874.3656966000001,874.3656965999998
628,628.0,874.3656966,1560,874.3656966000001,874.3656965999998
629,629.0,874.3656966,1560,874.3656966000001,874.3656965999998
630,630.0,874.3656966,1560,874.3656966000001,933.9601209999997
631,631.0,874.3656966,1560,874.3656966000001,993.5545453999997
632,632.0,874.3656966,1560,874.3656966000001,1053.1489697999996
633,633.0,874.3656966,1560,957.7978907600001,1112.7433941999996
634,634.0,874.3656966,1560,1041.23008492,1172.3378185999995
635,635.0,874.3656966,1560,1124.6622790800002,1231.9322429999995
636,636.0,874.3656966,1560,1208.09447324,1291.5266673999995
637,637.0,874.3656966,1560,1291.5266674000002,1351.1210917999995
638,638.0,874.3656966,1560,1374.95886156,1410.7155161999995
639,639.0,874.3656966,1560,1458.3910557200002,1470.3099405999994
640,640.0,2125.848609,1560,1541.82324988,1529.9043649999994
641,641.0,2125.848609,1560,1625.2554440400002,1589.4987893999994
642,642.0,2125.848609,3800,1708.6876382000003,1649.0932137999994
643,643.0,2125.848609,3800,1792.1198323600004,1708.6876381999994
644,644.0,2125.848609,3800,1875.5520265200005,1768.2820625999993
645,645.0,2125.848609,3800,1958.9842206800006,1827.8764869999995
646,646.0,2125.848609,3800,2042.4164148400007,1887.4709113999993
647,647.0,2125.848609,3800,2125.8486090000006,1947.0653357999995
648,648.0,2125.848609,3800,2125.8486090000006,2006.6597601999995
649,649.0,2125.848609,3800,2125.8486090000006,2066.2541845999995
650,650.0,2125.848609,3800,2125.8486090000006,2125.848608999999
651,651.0,2125.848609,3800,2125.8486090000006,2125.848608999999
652,652.0,2125.848609,3800,2125.8486090000006,2125.848608999999
653,653.0,2125.848609,3800,2125.8486090000006,2125.848608999999
654,654.0,2125.848609,3800,2125.8486090000006,2125.848608999999
655,655.0,2125.848609,3800,2125.8486090000006,2125.848608999999
656,656.0,2125.848609,3800,2125.8486090000006,2125.848608999999
657,657.0,2125.848609,3800,2125.8486090000006,2125.848608999999
658,658.0,2125.848609,3800,2125.8486090000006,2125.848608999999
659,659.0,2125.848609,3800,2125.8486090000006,2125.848608999999
660,660.0,2125.848609,3800,2125.8486090000006,2455.089404571428
661,661.0,2125.848609,3800,2125.8486090000006,2784.3302001428565
662,662.0,2125.848609,3800,2125.8486090000006,3113.570995714285
663,663.0,2125.848609,3800,2586.7857228000007,3442.8117912857133
664,664.0,2125.848609,3800,3047.722836600001,3772.0525868571417
665,665.0,2125.848609,3800,3508.659950400001,4144.915986476189
666,666.0,2125.848609,3800,3969.597064200001,4517.779386095235
667,667.0,2125.848609,3800,4430.534178000001,4890.6427857142835
668,668.0,2125.848609,3800,4952.542937466667,5263.506185333331
669,669.0,2125.848609,3800,5474.551696933335,5636.369584952379
670,670.0,9039.905316,3800,5996.560456400001,6009.232984571427
671,671.0,9039.905316,3800,6518.569215866667,6382.096384190474
672,672.0,9039.905316,16100,7040.577975333334,6754.959783809522
673,673.0,9039.905316,16100,7562.586734800001,7127.823183428569
674,674.0,9039.905316,16100,8084.595494266668,7500.686583047616
675,675.0,9955.980001,16100,8606.604253733334,7873.549982666664
676,676.0,9955.980001,16100,9128.613013200002,8246.413382285711
677,677.0,9955.980001,17800,9650.621772666667,8619.276781904759
678,678.0,9955.980001,17800,9711.693418333334,8992.140181523806
679,679.0,9955.980001,17800,9772.765064000001,9365.003581142855
680,680.0,9955.980001,17800,9833.836709666668,9815.268138333331
681,681.0,9955.980001,17800,9894.908355333335,9936.291899952379
682,682.0,9955.980001,17800,9955.980001000002,10057.315661571427
683,683.0,9955.980001,17800,10064.341621600002,10178.339423190475
684,684.0,9955.980001,17800,10172.703242200001,10299.363184809523
685,685.0,9955.980001,17800,10281.064862800002,10420.386946428569
686,686.0,9955.980001,17800,10389.426483400002,10497.788103999997
687,687.0,9955.980001,17800,10497.788104000001,10575.189261571426
688,688.0,9955.980001,17800,10606.149724600002,10652.590419142854
689,689.0,9955.980001,17800,10714.511345200002,10729.991576714283
690,690.0,11581.40431,17800,10822.872965800003,10915.045455238092
691,691.0,11581.40431,17800,10931.234586400002,11040.504909476187
692,692.0,11581.40431,20700,11039.596207,11165.964363714282
693,693.0,11581.40431,20700,11298.671636933334,11291.423817952378
694,694.0,11581.40431,20700,11474.314872866667,11416.883272190473
695,695.0,11581.40431,20700,11649.958108800001,11542.342726428567
696,696.0,11581.40431,20700,11825.601344733335,11667.802180666662
697,697.0,11581.40431,20700,12001.244580666667,11793.261634904757
698,698.0,11581.40431,20700,12068.526196000003,11918.721089142851
699,699.0,11581.40431,20700,12135.807811333336,12044.180543380946
700,700.0,13842.11145,20700,12203.089426666667,12169.63999761904
701,701.0,12590.62854,20700,12270.371042000002,12217.698294285708
702,702.0,12590.62854,24700,12337.652657333336,12265.756590952375
703,703.0,12590.62854,22500,12404.934272666667,12313.81488761904
704,704.0,12590.62854,22500,12472.215888,12361.873184285709
705,705.0,12590.62854,22500,12539.497503333334,12409.931480952375
706,706.0,12590.62854,22500,12606.779118666667,12457.989777619041
707,707.0,12590.62854,22500,12674.060734000002,12506.048074285707
708,708.0,12590.62854,22500,12590.628540000002,12554.106370952373
709,709.0,12590.62854,22500,12590.628540000002,12602.164667619043
710,710.0,12590.62854,22500,12590.628540000002,12812.18717619047
711,711.0,12590.62854,22500,12590.628540000002,12729.540613809517
712,712.0,12590.62854,22500,12590.628540000002,12706.488475714279
713,713.0,12590.62854,22500,12817.378436666668,12683.436337619041
714,714.0,12590.62854,22500,12785.105443333336,12660.384199523804
715,715.0,12590.62854,22500,12752.832450000002,12637.332061428566
716,716.0,12590.62854,22500,12720.559456666668,12614.279923333324
717,717.0,12590.62854,22500,12688.286463333334,12591.227785238087
718,718.0,12590.62854,22500,12656.013470000002,12568.175647142849
719,719.0,12590.62854,22500,12623.740476666668,12545.123509047611
720,720.0,15991.87699,22500,12591.467483333334,12522.071370952373
721,721.0,12106.53364,22500,12559.194490000002,12499.019232857136
722,722.0,12106.53364,28600,12526.921496666668,12475.967094761898
723,723.0,12106.53364,21600,12494.648503333334,12452.91495666666
724,724.0,12106.53364,21600,12462.375510000002,12429.862818571422
725,725.0,12106.53364,21600,12430.102516666668,12406.810680476185
726,726.0,12106.53364,21600,12397.829523333336,12383.758542380947
727,727.0,12106.53364,21600,12365.556530000002,12360.70640428571
728,728.0,12106.53364,21600,12106.533640000001,12337.654266190471
729,729.0,12106.53364,21600,12106.533640000001,12314.602128095234
730,730.0,12106.53364,21600,12106.533640000001,12291.549989999996
731,731.0,12106.53364,21600,12106.533640000001,12106.533639999996
732,732.0,12106.53364,21600,12106.533640000001,12106.533639999996
733,733.0,12106.53364,21600,12106.533640000001,12106.533639999996
734,734.0,12106.53364,21600,12106.533640000001,12106.533639999996
735,735.0,12106.53364,21600,12106.533640000001,12157.97848571428
736,736.0,12106.53364,21600,12106.533640000001,12209.423331428567
737,737.0,12106.53364,21600,12106.533640000001,12260.868177142851
738,738.0,12106.53364,21600,12178.556424000002,12312.313022857137
739,739.0,12106.53364,21600,12250.579208000001,12363.757868571423
740,740.0,12106.53364,21600,12322.601992000002,12483.478879523806
741,741.0,12106.53364,21600,12394.624776,12482.176129047615
742,742.0,12106.53364,21600,12466.647560000001,12480.873378571425
743,743.0,12106.53364,21600,12634.256975333336,12479.570628095234
744,744.0,12106.53364,21600,12632.433124666668,12478.267877619044
745,745.0,13186.8754,21600,12630.609274000002,12476.965127142854
746,746.0,13186.8754,21600,12628.785423333336,12475.662376666663
747,747.0,13186.8754,23500,12626.961572666669,12474.359626190473
748,748.0,13186.8754,23500,12625.137722000001,12473.056875714283
749,749.0,13186.8754,23500,12623.313871333336,12471.754125238092
750,750.0,14620.67487,23500,12621.490020666668,12470.451374761902
751,751.0,12079.17588,23500,12619.666170000002,12254.56128085714
752,752.0,12079.17588,26100,12617.842319333335,12038.671186952379
753,753.0,12079.17588,21600,12543.995684666668,11822.781093047615
754,754.0,12079.17588,21600,12169.726769200002,11606.890999142855
755,755.0,12079.17588,21600,11795.457853733336,11391.000905238092
756,756.0,12079.17588,21600,11421.188938266669,11123.665965619046
757,757.0,12079.17588,21600,11046.920022800003,10856.331025999996
758,758.0,12079.17588,21600,10577.064476000001,10588.99608638095
759,759.0,12079.17588,21600,10276.642195200002,10321.661146761902
760,760.0,12079.17588,21600,9976.219914400002,10054.326207142854
761,761.0,7572.841668,21600,9675.797633600001,9718.71510228571
762,762.0,7572.841668,21600,9375.3753528,9504.12775885714
763,763.0,7572.841668,13500,9074.953072,9289.540415428568
764,764.0,7572.841668,13500,8774.5307912,9074.953071999997
765,765.0,7572.841668,13500,8474.108510400001,9223.489179619046
766,766.0,7572.841668,13500,8173.686229600003,9372.025287238093
767,767.0,7572.841668,13500,7873.263948800001,9520.56139485714
768,768.0,7572.841668,13500,8081.214499466669,9669.097502476188
769,769.0,7572.841668,13500,8589.587330933335,9817.633610095236
770,770.0,7572.841668,13500,9097.960162400002,9989.983842952377
771,771.0,7572.841668,13500,9606.332993866668,10162.33407580952
772,772.0,7572.841668,13500,10114.705825333334,10549.271652095234
773,773.0,7572.841668,13500,10656.418432133334,10936.209228380949
774,774.0,7572.841668,13500,11198.131038933336,11323.146804666663
775,775.0,15198.43414,13500,11739.843645733336,11710.084380952378
776,776.0,15198.43414,13500,12281.556252533335,12097.021957238092
777,777.0,15198.43414,27100,12823.268859333333,12483.959533523806
778,778.0,15198.43414,27100,13364.981466133335,12870.89710980952
779,779.0,15198.43414,27100,13906.694072933335,13257.834686095235
780,780.0,15698.53077,27100,14448.406679733334,13644.77226238095
781,781.0,15698.53077,27100,14990.119286533334,14031.709838666664
782,782.0,15698.53077,28000,15531.831893333334,14418.647414952378
783,783.0,15698.53077,28000,15565.171668666668,14805.584991238093
784,784.0,15698.53077,28000,15598.511444000002,15192.522567523807
785,785.0,15698.53077,28000,15631.851219333335,15579.460143809521
786,786.0,15698.53077,28000,15665.19099466667,15603.274269047617
787,787.0,15698.53077,28000,15698.530770000001,15627.08839428571
788,788.0,15698.53077,28000,15698.530770000001,15650.902519523806
789,789.0,15698.53077,28000,15698.530770000001,15674.716644761902
790,790.0,15698.53077,28000,15698.530770000001,15916.04024238095
791,791.0,15698.53077,28000,15698.530770000001,16088.406059047617
792,792.0,15698.53077,28000,15698.530770000001,16260.771875714283
793,793.0,15698.53077,28000,16003.044031333335,16433.13769238095
794,794.0,15698.53077,28000,16244.35617466667,16605.503509047616
795,795.0,15698.53077,28000,16485.668318000004,16777.869325714284
796,796.0,15698.53077,28000,16726.980461333336,16950.23514238095
797,797.0,15698.53077,28000,16968.29260466667,17122.600959047617
798,798.0,15698.53077,28000,17209.604748,17294.96677571428
799,799.0,15698.53077,28000,17450.916891333334,17467.33259238095
800,800.0,20266.22969,28000,17692.229034666667,17639.698409047614
801,801.0,19318.21292,28000,17933.541178000003,17812.064225714283
802,802.0,19318.21292,36200,18174.853321333336,17984.430042380947
803,803.0,19318.21292,34500,18416.165464666672,18156.795859047616
804,804.0,19318.21292,34500,18657.477608000005,18329.16167571428
805,805.0,19318.21292,34500,18898.78975133334,18501.52749238095
806,806.0,19318.21292,34500,19140.10189466667,18673.893309047613
807,807.0,19318.21292,34500,19381.414038000006,18846.25912571428
808,808.0,19318.21292,34500,19318.212920000005,19018.624942380946
809,809.0,19318.21292,34500,19318.212920000005,19190.990759047614
810,810.0,19318.21292,34500,19318.212920000005,19444.55818761904
811,811.0,19318.21292,34500,19318.212920000005,19480.61614380952
812,812.0,19318.21292,34500,19318.212920000005,19561.81775571428
813,813.0,19318.21292,34500,19431.895176666672,19643.019367619043
814,814.0,19318.21292,34500,19545.57743333334,19724.220979523805
815,815.0,19318.21292,34500,19659.259690000003,19805.422591428567
816,816.0,19318.21292,34500,19772.94194666667,19769.803646666664
817,817.0,19318.21292,34500,19886.624203333333,19734.184701904756
818,818.0,19318.21292,34500,20000.30646,19698.565757142853
819,819.0,19318.21292,34500,19950.439937333336,19662.946812380946
820,820.0,21023.44677,34500,19900.57341466667,19627.327867619042
821,821.0,21023.44677,34500,19850.706892000002,19081.383021571422
822,822.0,21023.44677,37500,19800.840369333335,18535.438175523803
823,823.0,21023.44677,37500,19750.97384666667,17989.493329476183
824,824.0,21023.44677,37500,18986.651062200002,17443.548483428567
825,825.0,21023.44677,37500,18222.328277733337,16897.603637380947
826,826.0,18570.21508,37500,17458.00549326667,16351.658791333328
827,827.0,18570.21508,37500,16693.682708800003,15805.71394528571
828,828.0,18570.21508,33200,15815.67766766667,15259.76909923809
829,829.0,18570.21508,33200,14937.672626533336,14713.824253190473
830,830.0,18570.21508,33200,14059.667585400002,14167.879407142855
831,831.0,7853.371153,33200,13181.66254426667,13540.732949190473
832,832.0,7853.371153,33200,12303.657503133336,12913.586491238093
833,833.0,7853.371153,14000,11425.652462000004,12286.440033285711
834,834.0,7853.371153,14000,10711.196200200002,11659.29357533333
835,835.0,7853.371153,14000,9996.739938400002,11032.14711738095
836,836.0,7853.371153,14000,9282.283676600002,10405.000659428568
837,837.0,7853.371153,14000,8567.827414800002,9894.674758142854
838,838.0,7853.371153,14000,7853.371153000002,9384.348856857137
839,839.0,7853.371153,14000,7853.371153000002,8874.022955571423
840,840.0,7853.371153,14000,7853.371153000002,8363.69705428571
841,841.0,7853.371153,14000,7853.371153000002,7670.4691227619005
842,842.0,7853.371153,14000,7853.371153000002,7487.5670925238055
843,843.0,7853.371153,14000,7853.371153000002,7304.6650622857105
844,844.0,7853.371153,14000,7597.308310666669,7121.7630320476155
845,845.0,7853.371153,14000,7341.245468333335,6938.8610018095205
846,846.0,7853.371153,14000,7085.182626000002,6755.958971571425
847,847.0,7853.371153,14000,6829.119783666668,6573.05694133333
848,848.0,7853.371153,14000,6573.056941333334,6390.154911095235
849,849.0,7853.371153,14000,6316.9940990000005,6207.25288085714
850,850.0,7853.371153,14000,6060.931256666667,6024.350850619045
851,851.0,4012.428518,14000,5804.868414333334,5841.44882038095
852,852.0,4012.428518,14000,5548.805572,5658.546790142855
853,853.0,4012.428518,7170,5292.742729666667,5475.64475990476
854,854.0,4012.428518,7170,5036.679887333334,5292.742729666665
855,855.0,4012.428518,7170,4780.617045000001,5109.84069942857
856,856.0,4012.428518,7170,4524.554202666667,4926.938669190475
857,857.0,4012.428518,7170,4268.491360333333,4744.03663895238
858,858.0,4012.428518,7170,4012.4285180000006,4561.134608714285
859,859.0,4012.428518,7170,4012.4285180000006,4378.232578476189
860,860.0,4012.428518,7170,4012.4285180000006,4195.330548238094
861,861.0,4012.428518,7170,4012.4285180000006,4012.428517999999
862,862.0,4012.428518,7170,4012.4285180000006,4012.428517999999
863,863.0,4012.428518,7170,4012.4285180000006,4012.428517999999
864,864.0,4012.428518,7170,4012.4285180000006,4012.428517999999
865,865.0,4012.428518,7170,4012.4285180000006,4012.428517999999
866,866.0,4012.428518,7170,4012.4285180000006,4012.428517999999
867,867.0,4012.428518,7170,4012.4285180000006,4012.428517999999
868,868.0,4012.428518,7170,4012.4285180000006,4012.428517999999
869,869.0,4012.428518,7170,4012.4285180000006,4012.428517999999
870,870.0,4012.428518,7170,4012.4285180000006,4012.428517999999
871,871.0,4012.428518,7170,4012.4285180000006,3821.360493333332
872,872.0,4012.428518,7170,4012.4285180000006,3630.2924686666656
873,873.0,4012.428518,7170,4012.4285180000006,3439.224443999999
874,874.0,4012.428518,7170,3744.933283466667,3248.1564193333325
875,875.0,4012.428518,7170,3477.438048933334,3057.088394666666
876,876.0,4012.428518,7170,3209.9428144000003,2866.0203699999993
877,877.0,4012.428518,7170,2942.447579866667,2674.9523453333327
878,878.0,4012.428518,7170,2674.9523453333336,2483.884320666666
879,879.0,4012.428518,7170,2407.4571108,2292.8162959999995
880,880.0,4012.428518,7170,2139.961876266667,2101.748271333333
881,881.0,0.0,7170,1872.4666417333337,1910.680246666666
882,882.0,0.0,7170,1604.9714072000004,1719.6122219999995
883,883.0,0.0,0,1337.476172666667,1528.544197333333
884,884.0,0.0,0,1069.9809381333337,1337.4761726666663
885,885.0,0.0,0,802.4857036000002,1146.4081479999998
886,886.0,0.0,0,534.9904690666668,955.340123333333
887,887.0,0.0,0,267.4952345333334,764.2720986666665
888,888.0,0.0,0,0.0,573.2040739999999
889,889.0,0.0,0,0.0,382.13604933333323
890,890.0,0.0,0,0.0,303.0042131904761
891,891.0,0.0,0,0.0,223.87237704761898
892,892.0,0.0,0,0.0,335.80856557142846
893,893.0,0.0,0,156.71066393333336,447.74475409523797
894,894.0,0.0,0,313.42132786666673,559.6809426190474
895,895.0,0.0,0,470.1319918000001,671.6171311428569
896,896.0,0.0,0,626.8426557333335,783.5533196666664
897,897.0,0.0,0,783.5533196666669,895.4895081904759
898,898.0,0.0,0,940.2639836000003,1007.4256967142854
899,899.0,0.0,0,1096.9746475333336,1119.3618852380948
900,900.0,2350.659959,0,1253.685311466667,1231.2980737619043
901,901.0,2350.659959,0,1410.3959754000002,1343.2342622857138
902,902.0,2350.659959,4200,1567.1066393333338,1455.1704508095233
903,903.0,2350.659959,4200,1723.817303266667,1567.1066393333329
904,904.0,2350.659959,4200,1880.5279672000004,1679.0428278571424
905,905.0,2350.659959,4200,2037.238631133334,1790.9790163809519
906,906.0,2350.659959,4200,2193.949295066667,1902.9152049047614
907,907.0,2350.659959,4200,2350.659959000001,2014.8513934285709
908,908.0,2350.659959,4200,2350.659959000001,2126.78758195238
909,909.0,2350.659959,4200,2350.659959000001,2238.7237704761897
910,910.0,2350.659959,4200,2350.659959000001,2350.659958999999
911,911.0,2350.659959,4200,2350.659959000001,2350.659958999999
912,912.0,2350.659959,4200,2350.659959000001,2350.659958999999
913,913.0,2350.659959,4200,2350.659959000001,2350.659958999999
914,914.0,2350.659959,4200,2350.659959000001,2350.659958999999
915,915.0,2350.659959,4200,2350.659959000001,2350.659958999999
916,916.0,2350.659959,4200,2350.659959000001,2350.659958999999
917,917.0,2350.659959,4200,2350.659959000001,2350.659958999999
918,918.0,2350.659959,4200,2350.659959000001,2350.659958999999
919,919.0,2350.659959,4200,2350.659959000001,2350.659958999999
920,920.0,2350.659959,4200,2350.659959000001,2350.659958999999
921,921.0,2350.659959,4200,2350.659959000001,2350.659958999999
922,922.0,2350.659959,4200,2350.659959000001,2350.659958999999
923,923.0,2350.659959,4200,2350.659959000001,2350.659958999999
924,924.0,2350.659959,4200,2350.659959000001,2350.659958999999
925,925.0,2350.659959,4200,2350.659959000001,2350.659958999999
926,926.0,2350.659959,4200,2350.659959000001,2350.659958999999
927,927.0,2350.659959,4200,2350.659959000001,2350.659958999999
928,928.0,2350.659959,4200,2350.659959000001,2350.659958999999
929,929.0,2350.659959,4200,2350.659959000001,2350.659958999999
930,930.0,2350.659959,4200,2350.659959000001,2350.659958999999
931,931.0,2350.659959,4200,2350.659959000001,2350.659958999999
932,932.0,2350.659959,4200,2350.659959000001,2350.659958999999
933,933.0,2350.659959,4200,2350.659959000001,2350.659958999999
934,934.0,2350.659959,4200,2350.659959000001,2350.659958999999
935,935.0,2350.659959,4200,2350.659959000001,2350.659958999999
936,936.0,2350.659959,4200,2350.659959000001,2350.659958999999
937,937.0,2350.659959,4200,2350.659959000001,2350.659958999999
938,938.0,2350.659959,4200,2350.659959000001,2350.659958999999
939,939.0,2350.659959,4200,2350.659959000001,2350.659958999999
940,940.0,2350.659959,4200,2350.659959000001,2350.659958999999
941,941.0,2350.659959,4200,2350.659959000001,2350.659958999999
942,942.0,2350.659959,4200,2350.659959000001,2350.659958999999
943,943.0,2350.659959,4200,2350.659959000001,2350.659958999999
944,944.0,2350.659959,4200,2350.659959000001,2350.659958999999
945,945.0,2350.659959,4200,2350.659959000001,2350.659958999999
946,946.0,2350.659959,4200,2350.659959000001,2350.659958999999
947,947.0,2350.659959,4200,2350.659959000001,2350.659958999999
948,948.0,2350.659959,4200,2350.659959000001,2350.659958999999
949,949.0,2350.659959,4200,2350.659959000001,2350.659958999999
950,950.0,2350.659959,4200,2350.659959000001,2350.659958999999
951,951.0,2350.659959,4200,2350.659959000001,2350.659958999999
952,952.0,2350.659959,4200,2350.659959000001,2350.659958999999
953,953.0,2350.659959,4200,2350.659959000001,2350.659958999999
954,954.0,2350.659959,4200,2350.659959000001,2350.659958999999
955,955.0,2350.659959,4200,2350.659959000001,2350.659958999999
956,956.0,2350.659959,4200,2350.659959000001,2350.659958999999
957,957.0,2350.659959,4200,2350.659959000001,2350.659958999999
958,958.0,2350.659959,4200,2350.659959000001,2350.659958999999
959,959.0,2350.659959,4200,2350.659959000001,2350.659958999999
960,960.0,2350.659959,4200,2350.659959000001,2350.659958999999
961,961.0,2350.659959,4200,2350.659959000001,2350.659958999999
962,962.0,2350.659959,4200,2350.659959000001,2350.659958999999
963,963.0,2350.659959,4200,2350.659959000001,2350.659958999999
964,964.0,2350.659959,4200,2350.659959000001,2350.659958999999
965,965.0,2350.659959,4200,2350.659959000001,2350.659958999999
966,966.0,2350.659959,4200,2350.659959000001,2350.659958999999
967,967.0,2350.659959,4200,2350.659959000001,2350.659958999999
968,968.0,2350.659959,4200,2350.659959000001,2350.659958999999
969,969.0,2350.659959,4200,2350.659959000001,2350.659958999999
970,970.0,2350.659959,4200,2350.659959000001,2350.659958999999
971,971.0,2350.659959,4200,2350.659959000001,2350.659958999999
972,972.0,2350.659959,4200,2350.659959000001,2350.659958999999
973,973.0,2350.659959,4200,2350.659959000001,2350.659958999999
974,974.0,2350.659959,4200,2350.659959000001,2350.659958999999
975,975.0,2350.659959,4200,2350.659959000001,2350.659958999999
976,976.0,2350.659959,4200,2350.659959000001,2350.659958999999
977,977.0,2350.659959,4200,2350.659959000001,2350.659958999999
978,978.0,2350.659959,4200,2350.659959000001,2350.659958999999
979,979.0,2350.659959,4200,2350.659959000001,2350.659958999999
980,980.0,2350.659959,4200,2350.659959000001,2350.659958999999
981,981.0,2350.659959,4200,2350.659959000001,2350.659958999999
982,982.0,2350.659959,4200,2350.659959000001,2350.659958999999
983,983.0,2350.659959,4200,2350.659959000001,2350.659958999999
984,984.0,2350.659959,4200,2350.659959000001,2350.659958999999
985,985.0,2350.659959,4200,2350.659959000001,2350.659958999999
986,986.0,2350.659959,4200,2350.659959000001,2350.659958999999
987,987.0,2350.659959,4200,2350.659959000001,2350.659958999999
988,988.0,2350.659959,4200,2350.659959000001,2350.659958999999
989,989.0,2350.659959,4200,2350.659959000001,2350.659958999999
990,990.0,2350.659959,4200,2350.659959000001,2350.659958999999
991,991.0,2350.659959,4200,2350.659959000001,
992,992.0,2350.659959,4200,2350.659959000001,
993,993.0,2350.659959,4200,2350.659959000001,
994,994.0,2350.659959,4200,,
995,995.0,2350.659959,4200,,
996,996.0,2350.659959,4200,,
997,997.0,2350.659959,4200,,
998,998.0,2350.659959,4200,,
999,999.0,2350.659959,4200,,
1000,1000.0,2350.659959,4200,,
1001,,,4200,,
