Supplementary Data 2. LOESS fit to the CO2 data set in Sup. Data 1. ,,,,,,,,,,,
Age (Ma),pCO2 probability maximum,lw95%,lw68%,up68%,up95%,,,Age (Ma),pCO2 probability maximum,lw std (68%),up std (68%)
0.00,276.01,175.57,230.66,306.39,342.75,,,0.00,276.01,45.35,30.38
0.50,275.73,196.68,239.86,311.40,346.50,,,0.50,275.73,35.88,35.66
1.00,287.21,209.77,250.86,311.94,339.55,,,1.00,287.21,36.35,24.73
1.50,290.03,221.13,259.70,312.23,334.89,,,1.50,290.03,30.34,22.19
2.00,295.99,231.00,265.29,314.39,336.49,,,2.00,295.99,30.69,18.40
2.50,298.02,238.67,267.89,317.59,341.08,,,2.50,298.02,30.13,19.57
3.00,299.35,243.23,269.25,322.59,343.98,,,3.00,299.35,30.09,23.24
3.50,302.99,242.17,269.93,329.05,351.10,,,3.50,302.99,33.07,26.05
4.00,298.33,240.52,269.40,334.42,359.48,,,4.00,298.33,28.93,36.09
4.50,300.00,238.24,268.39,339.29,366.87,,,4.50,300.00,31.62,39.28
5.00,302.58,236.17,267.35,344.64,374.11,,,5.00,302.58,35.23,42.06
5.50,316.98,234.96,265.92,349.27,382.47,,,5.50,316.98,51.06,32.29
6.00,319.11,230.51,264.79,352.16,389.22,,,6.00,319.11,54.32,33.05
6.50,320.22,229.42,264.48,356.24,392.79,,,6.50,320.22,55.73,36.03
7.00,321.30,229.85,262.78,358.05,398.45,,,7.00,321.30,58.52,36.75
7.50,323.48,225.39,259.13,360.20,402.46,,,7.50,323.48,64.35,36.72
8.00,307.94,222.63,256.58,361.04,403.73,,,8.00,307.94,51.35,53.11
8.50,307.34,218.28,252.87,360.70,407.34,,,8.50,307.34,54.47,53.36
9.00,305.75,213.85,250.52,360.32,408.87,,,9.00,305.75,55.23,54.57
9.50,303.88,211.49,247.61,359.37,409.15,,,9.50,303.88,56.27,55.50
10.00,301.66,210.36,246.87,359.98,408.27,,,10.00,301.66,54.79,58.32
10.50,299.40,210.07,247.50,359.55,408.82,,,10.50,299.40,51.90,60.15
11.00,302.28,213.12,248.12,358.64,406.04,,,11.00,302.28,54.17,56.35
11.50,304.17,216.76,250.18,357.74,405.96,,,11.50,304.17,53.99,53.58
12.00,302.62,218.66,253.19,359.47,403.92,,,12.00,302.62,49.43,56.85
12.50,301.76,218.92,254.92,359.25,402.91,,,12.50,301.76,46.83,57.49
13.00,302.03,220.25,259.38,358.25,407.52,,,13.00,302.03,42.65,56.22
13.50,302.88,224.08,262.02,359.12,410.74,,,13.50,302.88,40.86,56.24
14.00,306.53,229.68,265.13,357.06,407.54,,,14.00,306.53,41.40,50.53
14.50,306.58,234.08,269.04,355.88,409.54,,,14.50,306.58,37.54,49.30
15.00,311.09,237.06,269.70,357.00,414.47,,,15.00,311.09,41.39,45.92
15.50,308.28,229.11,267.68,358.30,421.87,,,15.50,308.28,40.60,50.02
16.00,309.27,224.53,266.08,363.11,430.22,,,16.00,309.27,43.19,53.84
16.50,311.35,219.77,265.00,368.76,438.44,,,16.50,311.35,46.35,57.41
17.00,314.57,220.26,265.10,374.53,444.82,,,17.00,314.57,49.46,59.97
17.50,317.72,220.05,266.66,380.59,452.06,,,17.50,317.72,51.06,62.87
18.00,318.43,220.17,266.01,388.60,459.70,,,18.00,318.43,52.42,70.16
18.50,322.31,217.01,266.03,397.34,468.46,,,18.50,322.31,56.28,75.03
19.00,329.95,214.40,269.86,404.83,478.57,,,19.00,329.95,60.09,74.88
19.50,338.28,213.94,274.43,414.46,490.45,,,19.50,338.28,63.85,76.17
20.00,347.04,217.49,279.95,422.64,498.66,,,20.00,347.04,67.08,75.60
20.50,353.00,228.16,288.70,429.83,506.49,,,20.50,353.00,64.30,76.82
21.00,357.73,237.63,298.33,437.29,510.98,,,21.00,357.73,59.40,79.57
21.50,353.38,247.15,310.51,446.34,518.59,,,21.50,353.38,42.88,92.96
22.00,364.28,260.40,321.86,454.70,529.10,,,22.00,364.28,42.42,90.42
22.50,386.96,272.80,331.98,462.18,540.29,,,22.50,386.96,54.97,75.23
23.00,405.42,286.02,344.99,474.38,549.11,,,23.00,405.42,60.43,68.96
23.50,422.13,303.47,361.25,488.40,559.12,,,23.50,422.13,60.88,66.27
24.00,442.57,328.51,385.00,506.86,570.33,,,24.00,442.57,57.58,64.29
24.50,467.05,358.60,408.08,528.43,591.31,,,24.50,467.05,58.98,61.38
25.00,489.12,387.90,435.42,548.60,607.34,,,25.00,489.12,53.70,59.48
25.50,497.88,415.22,461.14,569.30,630.57,,,25.50,497.88,36.74,71.42
26.00,518.95,436.68,479.12,591.03,643.63,,,26.00,518.95,39.83,72.08
26.50,542.70,457.56,500.63,611.45,656.62,,,26.50,542.70,42.07,68.74
27.00,571.25,481.54,522.39,627.99,674.91,,,27.00,571.25,48.86,56.74
27.50,595.24,500.20,542.72,646.24,688.06,,,27.50,595.24,52.52,51.00
28.00,611.44,519.91,563.80,665.03,700.91,,,28.00,611.44,47.64,53.59
28.50,631.02,544.71,585.59,685.24,721.15,,,28.50,631.02,45.43,54.22
29.00,648.54,565.33,604.81,704.78,743.45,,,29.00,648.54,43.73,56.24
29.50,673.59,582.29,627.39,725.07,765.13,,,29.50,673.59,46.20,51.48
30.00,693.51,603.98,653.53,747.99,788.62,,,30.00,693.51,39.98,54.48
30.50,740.87,618.98,681.94,776.34,811.70,,,30.50,740.87,58.93,35.46
31.00,763.85,648.94,715.15,808.26,843.21,,,31.00,763.85,48.70,44.41
31.50,803.95,674.06,744.90,843.08,878.38,,,31.50,803.95,59.05,39.13
32.00,836.26,683.51,771.30,875.06,910.54,,,32.00,836.26,64.96,38.81
32.50,857.90,697.98,791.05,901.10,941.29,,,32.50,857.90,66.85,43.20
33.00,867.91,710.92,805.54,921.48,961.92,,,33.00,867.91,62.37,53.57
33.50,881.50,715.27,818.84,933.16,978.54,,,33.50,881.50,62.66,51.66
34.00,896.72,719.93,826.75,946.87,994.34,,,34.00,896.72,69.96,50.15
34.50,893.53,723.34,829.23,959.32,1007.08,,,34.50,893.53,64.30,65.79
35.00,904.18,720.35,830.10,970.63,1022.24,,,35.00,904.18,74.08,66.46
35.50,904.32,717.23,823.25,978.77,1033.95,,,35.50,904.32,81.08,74.45
36.00,900.70,713.73,818.20,982.33,1041.37,,,36.00,900.70,82.50,81.63
36.50,894.77,711.53,816.78,979.18,1041.52,,,36.50,894.77,77.98,84.42
37.00,894.98,702.62,806.28,968.87,1036.56,,,37.00,894.98,88.70,73.89
37.50,886.26,682.12,788.26,956.68,1026.00,,,37.50,886.26,98.00,70.42
38.00,860.04,661.23,766.04,941.31,1023.32,,,38.00,860.04,93.99,81.27
38.50,841.87,644.43,748.01,929.05,1017.70,,,38.50,841.87,93.86,87.18
39.00,814.58,635.52,729.61,918.84,1013.60,,,39.00,814.58,84.97,104.26
39.50,795.57,629.58,717.33,911.62,1003.63,,,39.50,795.57,78.24,116.06
40.00,768.22,612.93,705.63,902.09,993.77,,,40.00,768.22,62.59,133.87
40.50,794.57,602.51,688.03,886.57,984.13,,,40.50,794.57,106.55,92.00
41.00,766.13,579.28,670.21,872.88,972.06,,,41.00,766.13,95.92,106.75
41.50,749.27,562.03,648.90,862.35,965.56,,,41.50,749.27,100.37,113.08
42.00,736.23,539.59,629.20,854.20,971.60,,,42.00,736.23,107.02,117.97
42.50,717.84,523.53,619.08,852.77,970.64,,,42.50,717.84,98.76,134.93
43.00,723.59,525.91,615.82,848.16,970.61,,,43.00,723.59,107.77,124.57
43.50,701.63,527.21,619.53,852.40,971.71,,,43.50,701.63,82.10,150.77
44.00,732.40,542.41,630.32,868.92,968.01,,,44.00,732.40,102.08,136.52
44.50,751.41,541.66,638.70,885.17,985.20,,,44.50,751.41,112.72,133.75
45.00,768.61,551.06,653.13,901.49,1018.71,,,45.00,768.61,115.48,132.88
45.50,777.06,562.63,660.32,916.33,1043.38,,,45.50,777.06,116.74,139.27
46.00,790.45,569.43,667.68,930.55,1063.15,,,46.00,790.45,122.78,140.09
46.50,802.80,585.15,676.88,943.16,1082.27,,,46.50,802.80,125.92,140.36
47.00,817.34,600.90,699.16,957.37,1102.89,,,47.00,817.34,118.18,140.04
47.50,833.98,618.94,718.15,976.71,1132.09,,,47.50,833.98,115.83,142.73
48.00,811.38,630.38,729.26,995.94,1157.94,,,48.00,811.38,82.12,184.56
48.50,850.04,621.90,735.90,1008.83,1178.64,,,48.50,850.04,114.14,158.79
49.00,853.41,616.66,737.07,1013.80,1182.50,,,49.00,853.41,116.34,160.39
49.50,843.32,610.74,730.71,1006.08,1177.26,,,49.50,843.32,112.61,162.76
50.00,827.61,606.32,721.64,990.28,1142.74,,,50.00,827.61,105.97,162.67
50.50,812.64,607.08,707.62,966.93,1109.20,,,50.50,812.64,105.02,154.29
51.00,786.20,598.11,690.28,936.49,1071.27,,,51.00,786.20,95.92,150.30
51.50,755.57,589.50,666.86,906.49,1027.97,,,51.50,755.57,88.70,150.93
52.00,730.23,577.26,651.47,876.45,991.29,,,52.00,730.23,78.76,146.22
52.50,744.05,565.27,635.32,851.24,948.55,,,52.50,744.05,108.73,107.19
53.00,726.72,545.85,616.66,822.59,907.31,,,53.00,726.72,110.05,95.87
53.50,701.62,532.41,598.55,788.75,864.23,,,53.50,701.62,103.07,87.13
54.00,669.94,511.60,577.65,750.58,821.90,,,54.00,669.94,92.29,80.64
54.50,636.54,491.47,549.86,714.64,783.75,,,54.50,636.54,86.68,78.10
55.00,604.41,465.99,520.81,683.84,755.91,,,55.00,604.41,83.60,79.42
55.50,577.47,434.67,494.75,657.57,729.60,,,55.50,577.47,82.71,80.11
56.00,565.49,413.54,471.81,632.80,700.59,,,56.00,565.49,93.67,67.31
56.50,535.85,389.45,448.53,601.93,666.96,,,56.50,535.85,87.31,66.08
57.00,497.39,365.14,421.78,568.99,624.82,,,57.00,497.39,75.61,71.60
57.50,455.74,343.02,394.21,532.60,590.95,,,57.50,455.74,61.52,76.86
58.00,417.94,319.90,365.71,499.64,568.05,,,58.00,417.94,52.23,81.70
58.50,390.44,294.35,339.63,468.40,549.99,,,58.50,390.44,50.81,77.96
59.00,380.40,273.13,314.76,444.76,533.35,,,59.00,380.40,65.63,64.36
59.50,364.39,256.71,296.78,426.63,525.41,,,59.50,364.39,67.61,62.24
60.00,350.14,246.23,285.29,410.82,512.76,,,60.00,350.14,64.85,60.68
60.50,336.38,238.17,279.35,396.07,496.16,,,60.50,336.38,57.03,59.69
61.00,328.65,233.40,273.03,381.65,485.98,,,61.00,328.65,55.61,53.01
61.50,315.58,230.18,267.05,372.95,476.64,,,61.50,315.58,48.53,57.37
62.00,309.78,223.70,260.70,366.14,470.60,,,62.00,309.78,49.07,56.36
62.50,304.22,213.93,253.86,357.68,461.90,,,62.50,304.22,50.36,53.46
63.00,288.17,203.81,245.20,346.55,451.87,,,63.00,288.17,42.97,58.38
63.50,275.40,189.43,235.27,334.28,436.36,,,63.50,275.40,40.14,58.87
64.00,261.70,181.50,222.44,321.19,425.99,,,64.00,261.70,39.27,59.49
64.50,256.67,167.10,207.67,308.41,418.33,,,64.50,256.67,49.00,51.74
65.00,244.44,153.52,194.12,298.78,423.89,,,65.00,244.44,50.32,54.34
65.50,235.40,146.09,187.16,292.07,421.65,,,65.50,235.40,48.24,56.67
66.00,228.84,147.25,185.52,291.01,420.50,,,66.00,228.84,43.32,62.17
66.50,238.80,149.51,190.88,293.66,416.01,,,66.50,238.80,47.92,54.85
67.00,247.76,153.69,193.38,298.83,406.00,,,67.00,247.76,54.38,51.07
67.50,245.15,151.74,193.86,310.75,417.62,,,67.50,245.15,51.29,65.60
68.00,244.28,150.10,195.93,325.21,445.41,,,68.00,244.28,48.35,80.94
68.50,247.71,146.11,197.46,341.89,466.63,,,68.50,247.71,50.25,94.18
69.00,261.65,146.36,203.58,359.43,483.28,,,69.00,261.65,58.07,97.78
69.50,278.05,150.05,214.52,380.68,504.84,,,69.50,278.05,63.53,102.63
70.00,304.07,152.01,224.47,406.79,537.55,,,70.00,304.07,79.60,102.72
70.50,334.70,147.28,236.96,435.20,585.21,,,70.50,334.70,97.74,100.50
71.00,345.49,141.22,246.40,469.69,633.67,,,71.00,345.49,99.09,124.20
71.50,355.69,136.67,259.75,511.63,674.63,,,71.50,355.69,95.94,155.94
72.00,369.23,134.42,272.51,548.94,712.36,,,72.00,369.23,96.72,179.70
72.50,397.26,155.84,285.97,575.94,752.40,,,72.50,397.26,111.29,178.68
73.00,435.21,162.71,305.91,599.19,781.54,,,73.00,435.21,129.30,163.98
73.50,454.20,183.39,330.51,634.55,818.85,,,73.50,454.20,123.70,180.35
74.00,487.96,198.34,346.51,678.57,873.89,,,74.00,487.96,141.45,190.61
74.50,515.38,212.31,365.34,717.03,936.12,,,74.50,515.38,150.05,201.65
75.00,559.27,228.82,379.27,752.62,995.67,,,75.00,559.27,180.01,193.35
75.50,584.05,249.26,391.77,783.81,1012.84,,,75.50,584.05,192.29,199.76
76.00,611.01,268.11,411.19,817.16,1043.55,,,76.00,611.01,199.82,206.15
76.50,624.52,270.48,425.91,847.10,1079.28,,,76.50,624.52,198.62,222.58
77.00,649.32,277.60,440.40,883.05,1149.12,,,77.00,649.32,208.92,233.73
77.50,680.95,288.62,455.92,927.87,1182.12,,,77.50,680.95,225.03,246.92
78.00,714.54,277.58,460.81,977.26,1226.30,,,78.00,714.54,253.72,262.73
78.50,696.89,265.66,467.73,1002.85,1274.43,,,78.50,696.89,229.16,305.97
79.00,692.48,264.81,477.78,1021.46,1314.89,,,79.00,692.48,214.70,328.99
79.50,685.23,275.67,478.63,1043.25,1344.54,,,79.50,685.23,206.59,358.02
80.00,675.53,284.87,483.95,1055.92,1358.22,,,80.00,675.53,191.58,380.39
80.50,677.98,278.64,484.30,1068.08,1377.85,,,80.50,677.98,193.68,390.10
81.00,659.94,274.95,476.38,1085.67,1397.98,,,81.00,659.94,183.56,425.73
81.50,668.49,272.10,478.13,1101.95,1420.14,,,81.50,668.49,190.37,433.46
82.00,683.89,253.60,479.70,1103.14,1437.78,,,82.00,683.89,204.19,419.25
82.50,699.49,245.36,476.76,1098.32,1429.22,,,82.50,699.49,222.74,398.82
83.00,680.80,250.84,476.82,1094.69,1412.29,,,83.00,680.80,203.97,413.89
83.50,634.30,232.67,473.63,1065.76,1378.08,,,83.50,634.30,160.66,431.47
84.00,623.45,223.49,465.19,1050.45,1360.85,,,84.00,623.45,158.26,427.00
84.50,614.81,213.57,460.89,1044.89,1338.61,,,84.50,614.81,153.92,430.08
85.00,619.42,196.10,441.81,1032.74,1344.99,,,85.00,619.42,177.61,413.32
85.50,629.72,199.56,435.96,1015.83,1361.26,,,85.50,629.72,193.76,386.12
86.00,611.63,202.85,420.39,991.87,1346.30,,,86.00,611.63,191.24,380.24
86.50,601.04,198.88,419.45,951.28,1309.67,,,86.50,601.04,181.59,350.24
87.00,574.15,198.18,398.41,915.43,1290.36,,,87.00,574.15,175.74,341.28
87.50,574.37,194.65,371.08,884.78,1256.57,,,87.50,574.37,203.29,310.40
88.00,558.55,145.34,353.95,867.60,1273.62,,,88.00,558.55,204.61,309.05
88.50,498.70,115.81,338.79,854.83,1268.50,,,88.50,498.70,159.91,356.13
89.00,477.51,103.72,321.41,834.04,1234.29,,,89.00,477.51,156.09,356.53
89.50,455.56,112.88,318.49,801.50,1179.88,,,89.50,455.56,137.07,345.93
90.00,450.16,136.28,316.92,777.23,1119.39,,,90.00,450.16,133.25,327.07
90.50,473.13,160.58,316.55,757.33,1044.34,,,90.50,473.13,156.58,284.19
91.00,481.15,177.34,319.32,728.16,977.08,,,91.00,481.15,161.83,247.01
91.50,479.48,188.33,325.36,712.75,947.91,,,91.50,479.48,154.11,233.27
92.00,462.19,201.49,337.57,699.79,921.67,,,92.00,462.19,124.62,237.60
92.50,467.86,218.50,358.72,696.25,893.14,,,92.50,467.86,109.15,228.39
93.00,496.03,253.21,388.63,700.77,862.37,,,93.00,496.03,107.39,204.75
93.50,522.13,293.08,410.85,714.74,868.69,,,93.50,522.13,111.27,192.62
94.00,535.30,312.53,427.26,734.36,879.68,,,94.00,535.30,108.04,199.06
94.50,568.52,329.03,439.67,757.84,926.34,,,94.50,568.52,128.86,189.32
95.00,596.80,327.61,447.84,793.12,964.61,,,95.00,596.80,148.96,196.32
95.50,609.86,339.95,464.44,814.94,1014.81,,,95.50,609.86,145.42,205.09
96.00,622.05,356.71,487.55,851.76,1068.84,,,96.00,622.05,134.50,229.72
96.50,650.13,371.62,510.91,892.86,1127.38,,,96.50,650.13,139.22,242.74
97.00,691.83,379.83,536.02,936.50,1201.30,,,97.00,691.83,155.81,244.67
97.50,730.74,387.25,557.53,986.86,1246.52,,,97.50,730.74,173.20,256.12
98.00,777.35,390.98,578.98,1022.17,1305.92,,,98.00,777.35,198.36,244.82
98.50,814.98,405.88,603.91,1055.18,1322.65,,,98.50,814.98,211.07,240.21
99.00,805.80,453.26,634.12,1077.17,1332.98,,,99.00,805.80,171.68,271.37
99.50,833.61,492.10,670.85,1105.62,1342.03,,,99.50,833.61,162.76,272.01
100.00,862.05,529.03,709.93,1129.71,1351.09,,,100.00,862.05,152.13,267.66
100.50,898.53,566.59,738.74,1161.08,1364.69,,,100.50,898.53,159.78,262.55
101.00,945.01,589.27,767.71,1191.29,1371.41,,,101.00,945.01,177.31,246.27
101.50,965.86,625.55,790.22,1210.70,1409.24,,,101.50,965.86,175.64,244.84
102.00,986.66,652.85,813.97,1223.24,1402.44,,,102.00,986.66,172.69,236.59
102.50,1006.27,682.31,827.02,1235.87,1403.14,,,102.50,1006.27,179.25,229.59
103.00,1013.91,700.81,846.51,1243.60,1399.68,,,103.00,1013.91,167.39,229.70
103.50,1012.72,689.34,855.85,1258.65,1420.69,,,103.50,1012.72,156.87,245.93
104.00,1027.05,679.81,855.20,1276.30,1441.05,,,104.00,1027.05,171.85,249.25
104.50,1040.37,680.47,854.22,1299.18,1477.69,,,104.50,1040.37,186.16,258.80
105.00,1046.47,681.97,859.72,1308.00,1494.91,,,105.00,1046.47,186.75,261.53
105.50,1019.65,693.11,866.63,1320.53,1516.04,,,105.50,1019.65,153.01,300.88
106.00,1037.44,693.12,871.42,1333.14,1530.78,,,106.00,1037.44,166.02,295.71
106.50,1033.25,682.51,870.08,1351.13,1562.19,,,106.50,1033.25,163.16,317.89
107.00,1028.16,672.54,868.72,1368.17,1590.83,,,107.00,1028.16,159.44,340.01
107.50,1039.07,661.49,857.70,1388.69,1626.42,,,107.50,1039.07,181.37,349.62
108.00,1040.79,668.04,858.63,1402.34,1646.39,,,108.00,1040.79,182.16,361.55
108.50,1055.28,663.72,868.79,1410.59,1650.65,,,108.50,1055.28,186.50,355.30
109.00,1058.74,681.73,872.85,1413.16,1646.90,,,109.00,1058.74,185.89,354.42
109.50,1069.77,697.54,880.48,1404.02,1636.46,,,109.50,1069.77,189.29,334.25
110.00,1110.78,697.67,891.68,1398.87,1629.87,,,110.00,1110.78,219.09,288.09
110.50,1112.36,698.69,890.46,1400.58,1651.27,,,110.50,1112.36,221.90,288.23
111.00,1148.07,709.50,884.26,1401.38,1657.74,,,111.00,1148.07,263.81,253.30
111.50,1171.66,697.88,885.98,1405.13,1669.78,,,111.50,1171.66,285.67,233.47
112.00,1084.42,705.30,893.92,1404.32,1671.19,,,112.00,1084.42,190.50,319.90
112.50,1095.61,715.31,900.18,1402.65,1693.67,,,112.50,1095.61,195.44,307.04
113.00,1194.91,710.36,909.31,1403.23,1669.10,,,113.00,1194.91,285.59,208.32
113.50,1207.55,725.86,930.54,1418.97,1642.38,,,113.50,1207.55,277.01,211.42
114.00,1123.15,722.17,935.93,1435.49,1663.06,,,114.00,1123.15,187.22,312.34
114.50,1112.02,724.00,937.77,1448.99,1679.86,,,114.50,1112.02,174.26,336.97
115.00,1107.09,715.82,936.31,1450.86,1688.20,,,115.00,1107.09,170.77,343.78
115.50,1102.52,712.15,936.63,1436.07,1678.97,,,115.50,1102.52,165.89,333.55
116.00,1103.25,716.13,936.38,1426.76,1669.30,,,116.00,1103.25,166.87,323.51
116.50,1093.39,743.10,940.09,1412.08,1632.40,,,116.50,1093.39,153.30,318.69
117.00,1077.79,754.60,940.92,1395.19,1623.40,,,117.00,1077.79,136.87,317.40
117.50,1155.01,758.89,941.33,1380.28,1611.81,,,117.50,1155.01,213.68,225.28
118.00,1132.44,751.75,934.44,1365.76,1583.56,,,118.00,1132.44,198.00,233.32
118.50,1109.51,751.66,927.02,1349.91,1572.79,,,118.50,1109.51,182.49,240.40
119.00,1085.07,747.02,919.33,1327.82,1530.50,,,119.00,1085.07,165.73,242.75
119.50,1065.49,759.66,909.91,1291.28,1473.73,,,119.50,1065.49,155.58,225.79
120.00,1035.66,762.36,903.05,1252.21,1425.70,,,120.00,1035.66,132.61,216.54
120.50,1016.73,756.22,890.60,1222.14,1371.20,,,120.50,1016.73,126.13,205.41
121.00,1004.47,742.50,869.84,1198.49,1354.28,,,121.00,1004.47,134.63,194.02
121.50,990.70,725.31,854.82,1186.75,1338.19,,,121.50,990.70,135.87,196.05
122.00,983.18,705.71,832.46,1172.31,1324.39,,,122.00,983.18,150.72,189.13
122.50,968.78,695.68,818.28,1150.81,1311.48,,,122.50,968.78,150.50,182.02
123.00,987.36,673.46,797.26,1137.47,1297.03,,,123.00,987.36,190.10,150.11
123.50,931.03,650.68,773.94,1130.03,1298.42,,,123.50,931.03,157.09,199.00
124.00,878.83,609.74,736.59,1124.30,1310.94,,,124.00,878.83,142.24,245.47
124.50,861.74,568.28,709.29,1121.28,1335.44,,,124.50,861.74,152.45,259.54
125.00,856.72,538.96,695.92,1115.20,1324.17,,,125.00,856.72,160.80,258.48
125.50,867.26,526.41,683.60,1106.63,1325.90,,,125.50,867.26,183.66,239.37
126.00,899.52,512.68,679.80,1096.83,1324.28,,,126.00,899.52,219.72,197.32
126.50,935.43,487.92,677.57,1094.93,1347.60,,,126.50,935.43,257.85,159.50
127.00,925.84,489.83,670.17,1107.08,1353.44,,,127.00,925.84,255.67,181.24
127.50,856.06,467.70,660.88,1115.15,1368.53,,,127.50,856.06,195.18,259.09
128.00,848.35,480.12,656.77,1124.32,1380.09,,,128.00,848.35,191.58,275.96
128.50,836.78,485.99,661.02,1133.22,1373.77,,,128.50,836.78,175.76,296.44
129.00,846.83,491.07,670.62,1137.68,1372.52,,,129.00,846.83,176.21,290.84
129.50,913.11,519.51,687.44,1148.31,1371.83,,,129.50,913.11,225.67,235.20
130.00,935.09,521.18,697.98,1158.43,1380.66,,,130.00,935.09,237.11,223.34
130.50,950.58,516.37,705.63,1177.76,1396.33,,,130.50,950.58,244.95,227.18
131.00,906.95,495.44,707.60,1188.38,1425.30,,,131.00,906.95,199.35,281.43
131.50,879.94,493.94,712.98,1204.35,1443.45,,,131.50,879.94,166.96,324.40
132.00,886.48,501.60,724.11,1219.24,1475.08,,,132.00,886.48,162.37,332.76
132.50,892.13,505.10,733.10,1237.06,1503.03,,,132.50,892.13,159.02,344.94
133.00,909.10,505.15,736.65,1263.63,1561.87,,,133.00,909.10,172.46,354.53
133.50,925.75,511.66,733.84,1271.96,1600.78,,,133.50,925.75,191.91,346.20
134.00,949.64,520.88,723.61,1295.63,1647.52,,,134.00,949.64,226.03,345.99
134.50,972.22,511.27,709.42,1318.45,1693.79,,,134.50,972.22,262.80,346.23
135.00,983.04,510.15,715.27,1318.52,1714.28,,,135.00,983.04,267.77,335.48
135.50,993.36,528.45,720.02,1308.18,1726.94,,,135.50,993.36,273.34,314.82
136.00,1003.59,524.26,735.37,1293.88,1756.30,,,136.00,1003.59,268.22,290.29
136.50,1024.47,531.46,732.55,1296.57,1733.08,,,136.50,1024.47,291.92,272.10
137.00,1011.73,527.23,746.08,1277.64,1722.23,,,137.00,1011.73,265.66,265.91
137.50,1014.20,522.94,745.04,1269.18,1710.12,,,137.50,1014.20,269.16,254.97
138.00,1007.19,522.36,743.70,1260.91,1673.67,,,138.00,1007.19,263.50,253.72
138.50,991.33,535.15,742.07,1231.24,1613.97,,,138.50,991.33,249.25,239.91
139.00,947.70,549.58,741.71,1189.70,1519.20,,,139.00,947.70,205.99,242.00
139.50,919.17,565.38,736.99,1151.40,1402.67,,,139.50,919.17,182.18,232.23
140.00,906.23,560.73,723.56,1110.68,1313.56,,,140.00,906.23,182.67,204.45
140.50,890.40,562.92,704.89,1079.46,1249.50,,,140.50,890.40,185.50,189.06
141.00,848.21,539.63,689.87,1044.98,1214.76,,,141.00,848.21,158.34,196.77
141.50,841.34,529.02,679.71,1026.05,1193.05,,,141.50,841.34,161.64,184.70
142.00,831.85,522.40,660.91,997.52,1161.22,,,142.00,831.85,170.94,165.66
142.50,831.68,508.55,632.93,976.98,1147.62,,,142.50,831.68,198.75,145.31
143.00,738.70,491.11,611.23,965.76,1133.15,,,143.00,738.70,127.47,227.06
143.50,725.03,469.98,584.86,954.14,1131.08,,,143.50,725.03,140.16,229.11
144.00,664.43,439.58,557.20,948.96,1120.83,,,144.00,664.43,107.23,284.53
144.50,651.10,422.71,538.81,939.87,1107.48,,,144.50,651.10,112.29,288.77
145.00,713.01,414.46,530.95,933.75,1110.60,,,145.00,713.01,182.06,220.74
145.50,742.41,397.08,520.79,926.54,1119.83,,,145.50,742.41,221.62,184.13
146.00,766.99,381.21,512.66,932.96,1136.45,,,146.00,766.99,254.33,165.96
146.50,754.86,361.19,508.73,946.89,1182.33,,,146.50,754.86,246.13,192.03
147.00,746.00,340.77,499.84,954.48,1214.79,,,147.00,746.00,246.16,208.48
147.50,737.93,328.65,502.40,960.82,1233.47,,,147.50,737.93,235.53,222.89
148.00,725.33,325.22,508.49,973.43,1245.62,,,148.00,725.33,216.84,248.10
148.50,717.12,346.18,517.76,993.50,1265.68,,,148.50,717.12,199.36,276.38
149.00,738.03,376.00,540.46,1009.46,1272.91,,,149.00,738.03,197.58,271.42
149.50,717.24,398.71,560.99,1026.95,1306.30,,,149.50,717.24,156.25,309.71
150.00,703.38,386.68,563.90,1057.26,1380.45,,,150.00,703.38,139.47,353.88
150.50,824.47,391.32,574.39,1085.88,1414.02,,,150.50,824.47,250.08,261.41
151.00,834.46,382.23,579.57,1092.92,1432.28,,,151.00,834.46,254.89,258.46
151.50,799.60,386.41,583.77,1117.17,1442.11,,,151.50,799.60,215.83,317.57
152.00,812.24,393.19,575.78,1152.23,1458.75,,,152.00,812.24,236.47,339.99
152.50,809.92,358.72,565.85,1195.92,1506.70,,,152.50,809.92,244.08,385.99
153.00,815.46,327.25,568.31,1229.64,1553.08,,,153.00,815.46,247.14,414.18
153.50,827.93,297.85,559.63,1268.55,1618.23,,,153.50,827.93,268.29,440.62
154.00,813.72,294.23,558.68,1295.37,1622.33,,,154.00,813.72,255.04,481.65
154.50,807.17,277.83,551.52,1308.73,1657.82,,,154.50,807.17,255.66,501.56
155.00,794.32,250.69,544.96,1310.00,1673.13,,,155.00,794.32,249.36,515.68
155.50,756.06,192.32,519.77,1296.03,1706.90,,,155.50,756.06,236.29,539.97
156.00,722.07,156.01,498.12,1284.12,1720.85,,,156.00,722.07,223.95,562.06
156.50,897.28,141.70,485.82,1275.95,1738.05,,,156.50,897.28,411.45,378.67
157.00,858.14,149.05,478.83,1260.69,1751.24,,,157.00,858.14,379.30,402.55
157.50,835.77,157.08,479.45,1245.99,1745.76,,,157.50,835.77,356.32,410.22
158.00,822.84,165.15,480.52,1234.76,1722.43,,,158.00,822.84,342.32,411.92
158.50,814.67,201.16,486.79,1202.27,1674.66,,,158.50,814.67,327.88,387.60
159.00,797.35,223.29,494.44,1169.64,1615.62,,,159.00,797.35,302.91,372.29
159.50,796.50,230.65,506.74,1132.27,1577.01,,,159.50,796.50,289.76,335.78
160.00,795.33,257.92,519.98,1113.88,1536.16,,,160.00,795.33,275.35,318.55
160.50,782.89,280.14,519.73,1110.67,1526.31,,,160.50,782.89,263.16,327.78
161.00,785.35,327.06,537.82,1103.64,1484.46,,,161.00,785.35,247.53,318.29
161.50,793.06,355.20,554.28,1105.92,1451.69,,,161.50,793.06,238.78,312.85
162.00,775.16,407.97,579.30,1111.05,1421.61,,,162.00,775.16,195.87,335.89
162.50,785.09,445.94,620.04,1121.36,1379.77,,,162.50,785.09,165.05,336.26
163.00,771.41,484.03,653.74,1128.87,1347.41,,,163.00,771.41,117.67,357.47
163.50,881.36,519.58,675.86,1135.23,1361.40,,,163.50,881.36,205.51,253.87
164.00,855.45,529.68,690.36,1142.74,1384.46,,,164.00,855.45,165.09,287.29
164.50,861.99,555.04,715.38,1156.32,1392.36,,,164.50,861.99,146.61,294.33
165.00,871.25,579.04,740.99,1156.63,1389.35,,,165.00,871.25,130.26,285.37
165.50,877.20,614.58,773.17,1161.22,1388.32,,,165.50,877.20,104.04,284.02
166.00,895.90,658.85,803.71,1166.72,1375.63,,,166.00,895.90,92.19,270.82
166.50,929.99,692.50,821.57,1175.09,1355.02,,,166.50,929.99,108.42,245.10
167.00,974.75,709.88,844.15,1186.90,1341.55,,,167.00,974.75,130.60,212.15
167.50,1004.32,717.87,856.27,1192.46,1344.47,,,167.50,1004.32,148.05,188.14
168.00,1011.74,735.25,874.77,1194.43,1337.68,,,168.00,1011.74,136.97,182.68
168.50,1029.62,748.08,887.37,1194.37,1323.74,,,168.50,1029.62,142.26,164.75
169.00,1045.27,759.74,902.17,1190.17,1329.48,,,169.00,1045.27,143.11,144.90
169.50,1041.41,761.08,903.91,1189.21,1323.07,,,169.50,1041.41,137.51,147.79
170.00,1037.52,736.21,902.76,1198.95,1350.18,,,170.00,1037.52,134.75,161.43
170.50,1029.03,739.56,895.22,1219.84,1384.06,,,170.50,1029.03,133.81,190.81
171.00,1071.40,734.43,895.51,1231.69,1413.76,,,171.00,1071.40,175.89,160.29
171.50,1064.67,720.61,887.68,1244.03,1451.62,,,171.50,1064.67,176.99,179.37
172.00,1048.07,696.83,873.61,1260.53,1508.77,,,172.00,1048.07,174.46,212.46
172.50,1043.98,650.99,854.28,1289.16,1569.38,,,172.50,1043.98,189.70,245.19
173.00,1040.97,615.01,828.13,1312.55,1637.33,,,173.00,1040.97,212.84,271.57
173.50,1027.70,582.27,808.45,1329.39,1718.12,,,173.50,1027.70,219.24,301.69
174.00,1022.63,569.60,792.87,1345.36,1783.87,,,174.00,1022.63,229.76,322.73
174.50,1018.11,550.83,787.99,1356.31,1826.13,,,174.50,1018.11,230.13,338.19
175.00,1015.82,545.45,772.69,1360.79,1848.39,,,175.00,1015.82,243.12,344.98
175.50,1012.49,530.82,764.25,1364.90,1844.10,,,175.50,1012.49,248.24,352.42
176.00,1020.94,518.84,754.68,1366.69,1833.68,,,176.00,1020.94,266.26,345.75
176.50,1015.73,506.27,747.76,1382.80,1856.58,,,176.50,1015.73,267.97,367.07
177.00,1008.42,498.32,736.92,1374.70,1892.12,,,177.00,1008.42,271.49,366.28
177.50,999.39,501.16,727.16,1357.36,1865.44,,,177.50,999.39,272.23,357.97
178.00,998.07,512.85,728.63,1341.62,1849.54,,,178.00,998.07,269.44,343.55
178.50,983.26,530.10,738.40,1315.96,1802.39,,,178.50,983.26,244.86,332.70
179.00,971.06,542.21,747.30,1299.84,1749.05,,,179.00,971.06,223.76,328.78
179.50,941.81,529.93,742.09,1285.47,1713.55,,,179.50,941.81,199.72,343.66
180.00,909.50,542.59,739.29,1265.09,1748.00,,,180.00,909.50,170.20,355.59
180.50,908.94,538.52,736.38,1256.04,1699.73,,,180.50,908.94,172.56,347.10
181.00,912.62,547.16,735.26,1241.65,1639.33,,,181.00,912.62,177.36,329.03
181.50,926.38,553.23,739.98,1229.50,1591.20,,,181.50,926.38,186.40,303.12
182.00,920.92,548.02,741.05,1210.24,1534.79,,,182.00,920.92,179.87,289.32
182.50,921.06,558.48,735.01,1185.36,1479.22,,,182.50,921.06,186.04,264.31
183.00,895.84,550.33,722.98,1186.92,1448.96,,,183.00,895.84,172.86,291.07
183.50,896.31,548.66,721.68,1185.25,1478.03,,,183.50,896.31,174.63,288.94
184.00,923.15,568.28,728.53,1190.58,1470.77,,,184.00,923.15,194.62,267.43
184.50,859.47,593.27,737.67,1184.50,1499.77,,,184.50,859.47,121.79,325.04
185.00,956.90,607.54,749.64,1204.91,1540.25,,,185.00,956.90,207.26,248.01
185.50,965.18,578.77,754.39,1242.25,1579.13,,,185.50,965.18,210.79,277.06
186.00,945.03,567.27,751.88,1289.32,1664.52,,,186.00,945.03,193.15,344.29
186.50,950.25,542.96,743.58,1347.14,1793.60,,,186.50,950.25,206.67,396.89
187.00,947.85,530.43,754.77,1393.99,1884.93,,,187.00,947.85,193.08,446.14
187.50,952.48,534.89,771.21,1431.42,1987.17,,,187.50,952.48,181.28,478.94
188.00,972.15,551.79,796.78,1490.24,2117.42,,,188.00,972.15,175.36,518.10
188.50,985.24,576.10,818.10,1589.76,2225.47,,,188.50,985.24,167.14,604.52
189.00,1005.13,555.42,838.01,1688.92,2356.76,,,189.00,1005.13,167.13,683.79
189.50,1074.93,561.75,844.56,1797.66,2513.56,,,189.50,1074.93,230.37,722.73
190.00,1111.68,577.30,871.67,1884.77,2628.38,,,190.00,1111.68,240.01,773.09
190.50,1156.62,624.87,908.11,1957.46,2759.35,,,190.50,1156.62,248.51,800.84
191.00,1196.72,666.94,954.96,2008.93,2812.96,,,191.00,1196.72,241.76,812.21
191.50,1246.89,720.13,1022.31,2060.05,2861.19,,,191.50,1246.89,224.57,813.16
192.00,1345.54,757.63,1073.89,2143.95,2918.25,,,192.00,1345.54,271.65,798.40
192.50,1436.28,781.15,1126.85,2233.77,2992.39,,,192.50,1436.28,309.43,797.49
193.00,1466.45,810.43,1172.36,2301.15,3045.34,,,193.00,1466.45,294.09,834.69
193.50,1449.82,833.90,1218.24,2355.26,3073.04,,,193.50,1449.82,231.58,905.44
194.00,1740.76,882.85,1254.20,2399.23,3071.17,,,194.00,1740.76,486.56,658.47
194.50,1769.77,926.93,1301.27,2402.85,3022.15,,,194.50,1769.77,468.50,633.08
195.00,1796.57,990.88,1340.61,2362.87,2914.20,,,195.00,1796.57,455.96,566.30
195.50,1800.11,1050.78,1369.51,2368.15,2849.58,,,195.50,1800.11,430.60,568.04
196.00,1783.74,1068.40,1387.90,2345.15,2767.18,,,196.00,1783.74,395.84,561.41
196.50,1772.47,1104.17,1411.47,2331.56,2734.43,,,196.50,1772.47,360.99,559.09
197.00,1768.36,1110.68,1423.93,2316.50,2727.55,,,197.00,1768.36,344.44,548.14
197.50,1770.42,1129.13,1444.34,2296.31,2672.27,,,197.50,1770.42,326.08,525.89
198.00,1767.68,1158.82,1458.80,2256.78,2582.55,,,198.00,1767.68,308.88,489.11
198.50,1768.01,1190.27,1456.86,2192.18,2499.02,,,198.50,1768.01,311.16,424.17
199.00,1725.17,1161.61,1443.47,2152.46,2442.67,,,199.00,1725.17,281.70,427.28
199.50,1731.48,1150.13,1413.08,2117.68,2430.05,,,199.50,1731.48,318.40,386.20
200.00,1732.56,1151.22,1389.11,2085.77,2401.15,,,200.00,1732.56,343.45,353.21
200.50,1730.60,1139.72,1375.09,2063.19,2393.52,,,200.50,1730.60,355.52,332.59
201.00,1723.92,1148.13,1370.54,2028.40,2356.15,,,201.00,1723.92,353.39,304.47
201.50,1732.22,1137.75,1363.05,1993.03,2291.21,,,201.50,1732.22,369.18,260.81
202.00,1689.51,1146.14,1343.47,1948.82,2240.98,,,202.00,1689.51,346.04,259.31
202.50,1550.94,1120.93,1327.44,1914.06,2220.93,,,202.50,1550.94,223.50,363.12
203.00,1521.18,1096.07,1297.18,1895.57,2172.94,,,203.00,1521.18,224.00,374.39
203.50,1602.61,1076.42,1276.17,1862.66,2140.69,,,203.50,1602.61,326.44,260.06
204.00,1583.01,1063.52,1255.44,1832.03,2088.80,,,204.00,1583.01,327.57,249.03
204.50,1545.19,1023.82,1236.30,1790.21,2053.81,,,204.50,1545.19,308.90,245.01
205.00,1492.68,988.24,1209.18,1760.92,1993.55,,,205.00,1492.68,283.50,268.24
205.50,1461.27,953.66,1183.84,1725.13,1952.53,,,205.50,1461.27,277.43,263.86
206.00,1543.67,919.86,1154.67,1692.57,1921.07,,,206.00,1543.67,389.00,148.90
206.50,1540.96,901.12,1124.49,1673.12,1898.23,,,206.50,1540.96,416.47,132.16
207.00,1505.03,878.94,1096.45,1649.47,1878.99,,,207.00,1505.03,408.58,144.44
207.50,1437.95,871.70,1076.58,1618.32,1854.54,,,207.50,1437.95,361.37,180.38
208.00,1368.30,849.24,1050.23,1593.22,1834.18,,,208.00,1368.30,318.07,224.93
208.50,1348.82,832.23,1031.49,1565.29,1818.11,,,208.50,1348.82,317.33,216.47
209.00,1277.87,797.27,999.01,1543.66,1820.72,,,209.00,1277.87,278.86,265.79
209.50,1240.43,784.18,979.73,1531.17,1802.67,,,209.50,1240.43,260.70,290.74
210.00,1206.60,785.50,969.54,1522.98,1792.16,,,210.00,1206.60,237.06,316.38
210.50,1197.14,783.03,960.62,1504.60,1765.11,,,210.50,1197.14,236.52,307.46
211.00,1178.39,789.11,964.25,1500.91,1725.55,,,211.00,1178.39,214.15,322.52
211.50,1170.68,778.83,970.66,1492.65,1722.00,,,211.50,1170.68,200.02,321.96
212.00,1172.91,776.07,961.15,1494.12,1722.13,,,212.00,1172.91,211.76,321.21
212.50,1223.65,782.28,951.70,1504.10,1729.93,,,212.50,1223.65,271.94,280.45
213.00,1231.62,774.67,948.45,1519.33,1745.07,,,213.00,1231.62,283.17,287.71
213.50,1210.86,780.26,960.29,1545.78,1767.07,,,213.50,1210.86,250.57,334.92
214.00,1207.79,819.62,981.77,1559.19,1763.33,,,214.00,1207.79,226.02,351.40
214.50,1324.31,835.96,1015.65,1580.21,1786.70,,,214.50,1324.31,308.66,255.90
215.00,1339.32,846.10,1035.40,1616.22,1821.20,,,215.00,1339.32,303.92,276.90
215.50,1361.99,851.61,1054.43,1654.02,1899.80,,,215.50,1361.99,307.55,292.03
216.00,1381.16,860.07,1077.21,1695.16,1967.08,,,216.00,1381.16,303.94,314.00
216.50,1406.39,862.94,1101.46,1732.44,2019.79,,,216.50,1406.39,304.93,326.06
217.00,1439.63,878.80,1131.41,1758.11,2083.94,,,217.00,1439.63,308.22,318.47
217.50,1450.96,926.00,1161.61,1787.77,2115.52,,,217.50,1450.96,289.35,336.81
218.00,1501.04,964.38,1190.15,1843.29,2199.67,,,218.00,1501.04,310.89,342.25
218.50,1531.76,989.70,1229.06,1897.75,2244.38,,,218.50,1531.76,302.70,365.98
219.00,1552.40,1011.02,1237.77,1959.10,2272.16,,,219.00,1552.40,314.63,406.71
219.50,1589.30,1016.16,1243.97,2023.41,2375.01,,,219.50,1589.30,345.32,434.11
220.00,1599.29,1032.56,1278.66,2081.03,2446.30,,,220.00,1599.29,320.63,481.74
220.50,1614.51,1026.21,1315.30,2120.76,2498.11,,,220.50,1614.51,299.21,506.25
221.00,1660.23,1038.65,1345.94,2174.20,2540.79,,,221.00,1660.23,314.30,513.97
221.50,1702.54,1085.65,1397.46,2225.46,2617.76,,,221.50,1702.54,305.08,522.91
222.00,1776.13,1113.00,1430.04,2288.12,2691.29,,,222.00,1776.13,346.09,511.99
222.50,1818.97,1140.78,1458.82,2336.76,2771.85,,,222.50,1818.97,360.15,517.80
223.00,1854.49,1137.36,1480.50,2394.83,2834.97,,,223.00,1854.49,373.99,540.34
223.50,1911.95,1152.19,1498.52,2428.05,2863.23,,,223.50,1911.95,413.43,516.10
224.00,1955.25,1186.25,1525.36,2436.79,2850.08,,,224.00,1955.25,429.89,481.54
224.50,2047.59,1192.73,1532.48,2475.28,2869.41,,,224.50,2047.59,515.11,427.69
225.00,2131.92,1226.87,1552.95,2507.31,2909.25,,,225.00,2131.92,578.97,375.39
225.50,2111.68,1203.71,1552.64,2541.55,2955.17,,,225.50,2111.68,559.05,429.87
226.00,2073.20,1198.27,1542.54,2561.44,2995.16,,,226.00,2073.20,530.65,488.25
226.50,2062.80,1187.17,1538.66,2575.35,3028.95,,,226.50,2062.80,524.14,512.55
227.00,2059.04,1185.58,1537.01,2572.90,3016.58,,,227.00,2059.04,522.03,513.86
227.50,2051.57,1173.59,1521.60,2515.33,2992.94,,,227.50,2051.57,529.97,463.76
228.00,2082.91,1165.92,1500.78,2467.63,2976.67,,,228.00,2082.91,582.13,384.72
228.50,2023.94,1159.33,1459.57,2414.34,2919.56,,,228.50,2023.94,564.36,390.40
229.00,1989.51,1127.32,1414.98,2383.15,2839.76,,,229.00,1989.51,574.53,393.64
229.50,1975.23,1075.88,1372.49,2340.36,2823.87,,,229.50,1975.23,602.74,365.13
230.00,1938.98,1042.73,1347.88,2296.47,2774.52,,,230.00,1938.98,591.10,357.48
230.50,1892.22,1048.80,1331.39,2225.72,2721.56,,,230.50,1892.22,560.83,333.50
231.00,1767.46,1026.96,1326.16,2181.75,2668.50,,,231.00,1767.46,441.30,414.29
231.50,1662.83,984.42,1312.98,2151.27,2623.15,,,231.50,1662.83,349.85,488.44
232.00,1613.52,950.10,1266.73,2101.69,2592.51,,,232.00,1613.52,346.79,488.17
232.50,1624.32,889.70,1206.34,2080.55,2588.60,,,232.50,1624.32,417.98,456.23
233.00,1518.27,836.56,1138.78,2076.78,2589.37,,,233.00,1518.27,379.48,558.52
233.50,1495.34,770.80,1081.68,2038.15,2572.95,,,233.50,1495.34,413.66,542.81
234.00,1478.47,702.03,1028.22,2013.87,2580.50,,,234.00,1478.47,450.25,535.40
234.50,1447.15,663.76,972.63,1984.09,2625.94,,,234.50,1447.15,474.52,536.94
235.00,1398.80,590.93,894.51,2005.38,2678.79,,,235.00,1398.80,504.29,606.57
235.50,1352.41,540.80,819.25,1999.55,2709.71,,,235.50,1352.41,533.15,647.15
236.00,1300.84,464.01,772.88,1991.46,2743.92,,,236.00,1300.84,527.96,690.62
236.50,1248.87,388.83,720.18,1963.35,2721.26,,,236.50,1248.87,528.69,714.48
237.00,1210.03,339.54,661.96,1935.07,2650.36,,,237.00,1210.03,548.08,725.03
237.50,1205.65,297.95,615.23,1868.19,2582.57,,,237.50,1205.65,590.42,662.54
238.00,1204.76,277.29,558.51,1779.31,2514.92,,,238.00,1204.76,646.25,574.55
238.50,1167.29,238.13,518.13,1746.18,2463.38,,,238.50,1167.29,649.16,578.89
239.00,1110.06,204.06,469.19,1695.70,2446.86,,,239.00,1110.06,640.87,585.64
239.50,1033.59,175.94,422.40,1619.18,2349.34,,,239.50,1033.59,611.19,585.59
240.00,532.66,143.29,390.74,1517.23,2229.60,,,240.00,532.66,141.92,984.56
240.50,528.96,130.29,356.97,1411.06,2068.50,,,240.50,528.96,171.99,882.10
241.00,532.54,128.13,331.63,1299.24,1903.28,,,241.00,532.54,200.91,766.71
241.50,519.87,127.69,306.09,1193.07,1774.74,,,241.50,519.87,213.78,673.20
242.00,491.72,101.22,288.69,1096.64,1644.34,,,242.00,491.72,203.03,604.93
242.50,424.20,69.49,267.76,1005.54,1494.31,,,242.50,424.20,156.44,581.34
243.00,388.88,61.58,250.54,936.49,1441.68,,,243.00,388.88,138.34,547.61
243.50,400.12,76.16,249.15,887.76,1350.76,,,243.50,400.12,150.97,487.64
244.00,424.25,85.55,243.88,847.19,1277.57,,,244.00,424.25,180.36,422.95
244.50,417.99,91.79,246.47,787.36,1187.84,,,244.50,417.99,171.52,369.37
245.00,420.96,68.52,245.41,773.11,1152.25,,,245.00,420.96,175.55,352.14
245.50,414.97,38.51,233.07,789.56,1146.75,,,245.50,414.97,181.90,374.59
246.00,429.51,9.85,227.00,812.61,1136.35,,,246.00,429.51,202.51,383.09
246.50,451.45,1.08,224.20,856.87,1144.05,,,246.50,451.45,227.26,405.42
247.00,490.73,-17.84,231.32,900.57,1193.00,,,247.00,490.73,259.41,409.85
247.50,550.55,-4.25,259.30,956.17,1295.43,,,247.50,550.55,291.25,405.62
248.00,615.49,-21.24,286.46,1033.81,1409.61,,,248.00,615.49,329.03,418.32
248.50,668.76,-34.00,306.47,1102.66,1491.73,,,248.50,668.76,362.29,433.90
249.00,691.14,-32.59,326.08,1167.76,1592.90,,,249.00,691.14,365.06,476.62
249.50,738.91,-22.34,345.68,1215.13,1635.85,,,249.50,738.91,393.23,476.22
250.00,772.38,2.59,365.21,1248.69,1668.20,,,250.00,772.38,407.17,476.32